Time,root.energy.d0.RH_1(DOUBLE)
2016-01-11T17:00:00+08:00,47.59666666666671
2016-01-11T17:10:00+08:00,46.69333333333329
2016-01-11T17:20:00+08:00,46.3
2016-01-11T17:30:00+08:00,46.0666666666667
2016-01-11T17:40:00+08:00,46.33333333333329
2016-01-11T17:50:00+08:00,46.0266666666667
2016-01-11T18:00:00+08:00,45.7666666666667
2016-01-11T18:10:00+08:00,45.56
2016-01-11T18:20:00+08:00,45.5975
2016-01-11T18:30:00+08:00,46.09
2016-01-11T18:40:00+08:00,45.863333333333294
2016-01-11T18:50:00+08:00,46.3966666666667
2016-01-11T19:00:00+08:00,48.0
2016-01-11T19:10:00+08:00,52.7266666666667
2016-01-11T19:20:00+08:00,55.893333333333295
2016-01-11T19:30:00+08:00,53.893333333333295
2016-01-11T19:40:00+08:00,52.66
2016-01-11T19:50:00+08:00,53.66
2016-01-11T20:00:00+08:00,51.19333333333329
2016-01-11T20:10:00+08:00,49.8
2016-01-11T20:20:00+08:00,48.433333333333294
2016-01-11T20:30:00+08:00,47.6333333333333
2016-01-11T20:40:00+08:00,47.0633333333333
2016-01-11T20:50:00+08:00,46.59666666666671
2016-01-11T21:00:00+08:00,46.06
2016-01-11T21:10:00+08:00,45.8
2016-01-11T21:20:00+08:00,45.9
2016-01-11T21:30:00+08:00,45.8266666666667
2016-01-11T21:40:00+08:00,45.69
2016-01-11T21:50:00+08:00,45.33333333333329
2016-01-11T22:00:00+08:00,45.1266666666667
2016-01-11T22:10:00+08:00,44.9666666666667
2016-01-11T22:20:00+08:00,44.7666666666667
2016-01-11T22:30:00+08:00,44.56
2016-01-11T22:40:00+08:00,44.36
2016-01-11T22:50:00+08:00,44.2
2016-01-11T23:00:00+08:00,44.2
2016-01-11T23:10:00+08:00,44.2
2016-01-11T23:20:00+08:00,44.2
2016-01-11T23:30:00+08:00,44.23
2016-01-11T23:40:00+08:00,44.363333333333294
2016-01-11T23:50:00+08:00,44.433333333333294
2016-01-12T00:00:00+08:00,44.56
2016-01-12T00:10:00+08:00,44.8266666666667
2016-01-12T00:20:00+08:00,44.9666666666667
2016-01-12T00:30:00+08:00,45.09
2016-01-12T00:40:00+08:00,45.09
2016-01-12T00:50:00+08:00,45.23
2016-01-12T01:00:00+08:00,45.3725
2016-01-12T01:10:00+08:00,45.4
2016-01-12T01:20:00+08:00,45.59
2016-01-12T01:30:00+08:00,45.59
2016-01-12T01:40:00+08:00,45.66666666666671
2016-01-12T01:50:00+08:00,46.06
2016-01-12T02:00:00+08:00,46.2
2016-01-12T02:10:00+08:00,46.2
2016-01-12T02:20:00+08:00,46.26
2016-01-12T02:30:00+08:00,46.2
2016-01-12T02:40:00+08:00,46.2
2016-01-12T02:50:00+08:00,46.1266666666667
2016-01-12T03:00:00+08:00,46.0666666666667
2016-01-12T03:10:00+08:00,46.2
2016-01-12T03:20:00+08:00,46.29
2016-01-12T03:30:00+08:00,46.23
2016-01-12T03:40:00+08:00,46.29
2016-01-12T03:50:00+08:00,46.363333333333294
2016-01-12T04:00:00+08:00,46.5
2016-01-12T04:10:00+08:00,46.545
2016-01-12T04:20:00+08:00,46.5
2016-01-12T04:30:00+08:00,46.433333333333294
2016-01-12T04:40:00+08:00,46.56
2016-01-12T04:50:00+08:00,46.363333333333294
2016-01-12T05:00:00+08:00,46.363333333333294
2016-01-12T05:10:00+08:00,46.5
2016-01-12T05:20:00+08:00,46.36
2016-01-12T05:30:00+08:00,46.29
2016-01-12T05:40:00+08:00,46.29
2016-01-12T05:50:00+08:00,46.23
2016-01-12T06:00:00+08:00,46.23
2016-01-12T06:10:00+08:00,46.23
2016-01-12T06:20:00+08:00,46.43
2016-01-12T06:30:00+08:00,46.6266666666667
2016-01-12T06:40:00+08:00,46.7
2016-01-12T06:50:00+08:00,46.863333333333294
2016-01-12T07:00:00+08:00,46.863333333333294
2016-01-12T07:10:00+08:00,46.93
2016-01-12T07:20:00+08:00,46.79
2016-01-12T07:30:00+08:00,46.895
2016-01-12T07:40:00+08:00,47.4266666666667
2016-01-12T07:50:00+08:00,48.3666666666667
2016-01-12T08:00:00+08:00,48.66666666666671
2016-01-12T08:10:00+08:00,48.533333333333296
2016-01-12T08:20:00+08:00,50.0
2016-01-12T08:30:00+08:00,48.7333333333333
2016-01-12T08:40:00+08:00,48.0266666666667
2016-01-12T08:50:00+08:00,47.6333333333333
2016-01-12T09:00:00+08:00,47.0633333333333
2016-01-12T09:10:00+08:00,46.6566666666667
2016-01-12T09:20:00+08:00,46.33333333333329
2016-01-12T09:30:00+08:00,46.0666666666667
2016-01-12T09:40:00+08:00,45.863333333333294
2016-01-12T09:50:00+08:00,45.79
2016-01-12T10:00:00+08:00,45.6633333333333
2016-01-12T10:10:00+08:00,45.59
2016-01-12T10:20:00+08:00,47.793333333333294
2016-01-12T10:30:00+08:00,48.793333333333294
2016-01-12T10:40:00+08:00,47.94
2016-01-12T10:50:00+08:00,47.16
2016-01-12T11:00:00+08:00,46.7666666666667
2016-01-12T11:10:00+08:00,46.2966666666667
2016-01-12T11:20:00+08:00,45.963333333333296
2016-01-12T11:30:00+08:00,46.223333333333294
2016-01-12T11:40:00+08:00,45.963333333333296
2016-01-12T11:50:00+08:00,45.723333333333294
2016-01-12T12:00:00+08:00,45.6633333333333
2016-01-12T12:10:00+08:00,45.5
2016-01-12T12:20:00+08:00,45.69333333333329
2016-01-12T12:30:00+08:00,45.4
2016-01-12T12:40:00+08:00,45.3266666666667
2016-01-12T12:50:00+08:00,45.3266666666667
2016-01-12T13:00:00+08:00,46.9933333333333
2016-01-12T13:10:00+08:00,46.43
2016-01-12T13:20:00+08:00,46.03
2016-01-12T13:30:00+08:00,45.363333333333294
2016-01-12T13:40:00+08:00,44.963333333333296
2016-01-12T13:50:00+08:00,44.76
2016-01-12T14:00:00+08:00,44.595
2016-01-12T14:10:00+08:00,44.433333333333294
2016-01-12T14:20:00+08:00,44.26
2016-01-12T14:30:00+08:00,44.2
2016-01-12T14:40:00+08:00,44.06
2016-01-12T14:50:00+08:00,44.06
2016-01-12T15:00:00+08:00,44.09
2016-01-12T15:10:00+08:00,44.03
2016-01-12T15:20:00+08:00,43.9
2016-01-12T15:30:00+08:00,43.9
2016-01-12T15:40:00+08:00,43.863333333333294
2016-01-12T15:50:00+08:00,43.863333333333294
2016-01-12T16:00:00+08:00,43.79
2016-01-12T16:10:00+08:00,43.73
2016-01-12T16:20:00+08:00,43.56
2016-01-12T16:30:00+08:00,43.433333333333294
2016-01-12T16:40:00+08:00,43.1633333333333
2016-01-12T16:50:00+08:00,43.03
2016-01-12T17:00:00+08:00,42.83333333333329
2016-01-12T17:10:00+08:00,42.6725
2016-01-12T17:20:00+08:00,42.53
2016-01-12T17:30:00+08:00,43.4966666666667
2016-01-12T17:40:00+08:00,42.963333333333296
2016-01-12T17:50:00+08:00,43.16
2016-01-12T18:00:00+08:00,43.9
2016-01-12T18:10:00+08:00,43.7
2016-01-12T18:20:00+08:00,43.76
2016-01-12T18:30:00+08:00,44.0
2016-01-12T18:40:00+08:00,44.26
2016-01-12T18:50:00+08:00,44.2
2016-01-12T19:00:00+08:00,44.1266666666667
2016-01-12T19:10:00+08:00,44.06
2016-01-12T19:20:00+08:00,44.0
2016-01-12T19:30:00+08:00,43.9
2016-01-12T19:40:00+08:00,43.8266666666667
2016-01-12T19:50:00+08:00,43.73
2016-01-12T20:00:00+08:00,43.73
2016-01-12T20:10:00+08:00,43.49
2016-01-12T20:20:00+08:00,43.29
2016-01-12T20:30:00+08:00,43.145
2016-01-12T20:40:00+08:00,43.06
2016-01-12T20:50:00+08:00,43.0
2016-01-12T21:00:00+08:00,42.863333333333294
2016-01-12T21:10:00+08:00,42.79
2016-01-12T21:20:00+08:00,42.7
2016-01-12T21:30:00+08:00,42.6266666666667
2016-01-12T21:40:00+08:00,42.59
2016-01-12T21:50:00+08:00,42.723333333333294
2016-01-12T22:00:00+08:00,42.76
2016-01-12T22:10:00+08:00,42.7
2016-01-12T22:20:00+08:00,42.7
2016-01-12T22:30:00+08:00,42.6266666666667
2016-01-12T22:40:00+08:00,43.0
2016-01-12T22:50:00+08:00,43.0
2016-01-12T23:00:00+08:00,43.0
2016-01-12T23:10:00+08:00,43.0
2016-01-12T23:20:00+08:00,43.09
2016-01-12T23:30:00+08:00,43.09
2016-01-12T23:40:00+08:00,43.145
2016-01-12T23:50:00+08:00,43.2
2016-01-13T00:00:00+08:00,43.2
2016-01-13T00:10:00+08:00,43.2
2016-01-13T00:20:00+08:00,43.26
2016-01-13T00:30:00+08:00,43.29
2016-01-13T00:40:00+08:00,43.363333333333294
2016-01-13T00:50:00+08:00,43.4
2016-01-13T01:00:00+08:00,43.4666666666667
2016-01-13T01:10:00+08:00,43.5
2016-01-13T01:20:00+08:00,43.56
2016-01-13T01:30:00+08:00,43.59
2016-01-13T01:40:00+08:00,43.59
2016-01-13T01:50:00+08:00,43.7
2016-01-13T02:00:00+08:00,43.76
2016-01-13T02:10:00+08:00,43.7
2016-01-13T02:20:00+08:00,43.76
2016-01-13T02:30:00+08:00,43.79
2016-01-13T02:40:00+08:00,43.863333333333294
2016-01-13T02:50:00+08:00,43.9
2016-01-13T03:00:00+08:00,43.933333333333294
2016-01-13T03:10:00+08:00,44.0
2016-01-13T03:20:00+08:00,44.0
2016-01-13T03:30:00+08:00,44.0
2016-01-13T03:40:00+08:00,44.09
2016-01-13T03:50:00+08:00,44.09
2016-01-13T04:00:00+08:00,44.03
2016-01-13T04:10:00+08:00,44.09
2016-01-13T04:20:00+08:00,44.09
2016-01-13T04:30:00+08:00,44.09
2016-01-13T04:40:00+08:00,44.09
2016-01-13T04:50:00+08:00,44.1633333333333
2016-01-13T05:00:00+08:00,44.2
2016-01-13T05:10:00+08:00,44.2
2016-01-13T05:20:00+08:00,44.2
2016-01-13T05:30:00+08:00,44.2
2016-01-13T05:40:00+08:00,44.23
2016-01-13T05:50:00+08:00,44.29
2016-01-13T06:00:00+08:00,44.29
2016-01-13T06:10:00+08:00,44.365
2016-01-13T06:20:00+08:00,44.723333333333294
2016-01-13T06:30:00+08:00,45.03
2016-01-13T06:40:00+08:00,45.09
2016-01-13T06:50:00+08:00,45.0
2016-01-13T07:00:00+08:00,45.0
2016-01-13T07:10:00+08:00,44.6333333333333
2016-01-13T07:20:00+08:00,44.5
2016-01-13T07:30:00+08:00,44.59
2016-01-13T07:40:00+08:00,44.53
2016-01-13T07:50:00+08:00,44.363333333333294
2016-01-13T08:00:00+08:00,44.23
2016-01-13T08:10:00+08:00,44.06
2016-01-13T08:20:00+08:00,43.933333333333294
2016-01-13T08:30:00+08:00,43.9
2016-01-13T08:40:00+08:00,43.9
2016-01-13T08:50:00+08:00,44.0
2016-01-13T09:00:00+08:00,44.06
2016-01-13T09:10:00+08:00,44.23
2016-01-13T09:20:00+08:00,44.3975
2016-01-13T09:30:00+08:00,44.5
2016-01-13T09:40:00+08:00,44.5
2016-01-13T09:50:00+08:00,44.36
2016-01-13T10:00:00+08:00,44.06
2016-01-13T10:10:00+08:00,44.06
2016-01-13T10:20:00+08:00,44.09
2016-01-13T10:30:00+08:00,44.1633333333333
2016-01-13T10:40:00+08:00,44.39
2016-01-13T10:50:00+08:00,44.7966666666667
2016-01-13T11:00:00+08:00,45.1633333333333
2016-01-13T11:10:00+08:00,45.03
2016-01-13T11:20:00+08:00,45.7333333333333
2016-01-13T11:30:00+08:00,45.1266666666667
2016-01-13T11:40:00+08:00,44.83333333333329
2016-01-13T11:50:00+08:00,44.7
2016-01-13T12:00:00+08:00,44.9
2016-01-13T12:10:00+08:00,44.69333333333329
2016-01-13T12:20:00+08:00,43.6
2016-01-13T12:30:00+08:00,43.12
2016-01-13T12:40:00+08:00,42.7666666666667
2016-01-13T12:50:00+08:00,42.4666666666667
2016-01-13T13:00:00+08:00,42.2666666666667
2016-01-13T13:10:00+08:00,42.09
2016-01-13T13:20:00+08:00,41.963333333333296
2016-01-13T13:30:00+08:00,41.76
2016-01-13T13:40:00+08:00,41.6266666666667
2016-01-13T13:50:00+08:00,41.56
2016-01-13T14:00:00+08:00,41.433333333333294
2016-01-13T14:10:00+08:00,41.29
2016-01-13T14:20:00+08:00,41.29
2016-01-13T14:30:00+08:00,41.2
2016-01-13T14:40:00+08:00,41.1266666666667
2016-01-13T14:50:00+08:00,41.1266666666667
2016-01-13T15:00:00+08:00,41.1266666666667
2016-01-13T15:10:00+08:00,41.0
2016-01-13T15:20:00+08:00,40.933333333333294
2016-01-13T15:30:00+08:00,40.76
2016-01-13T15:40:00+08:00,40.745
2016-01-13T15:50:00+08:00,40.5666666666667
2016-01-13T16:00:00+08:00,40.53
2016-01-13T16:10:00+08:00,40.59
2016-01-13T16:20:00+08:00,40.6266666666667
2016-01-13T16:30:00+08:00,40.7
2016-01-13T16:40:00+08:00,40.73
2016-01-13T16:50:00+08:00,40.863333333333294
2016-01-13T17:00:00+08:00,40.79
2016-01-13T17:10:00+08:00,40.73
2016-01-13T17:20:00+08:00,40.6633333333333
2016-01-13T17:30:00+08:00,40.6633333333333
2016-01-13T17:40:00+08:00,40.79
2016-01-13T17:50:00+08:00,40.73
2016-01-13T18:00:00+08:00,40.79
2016-01-13T18:10:00+08:00,40.73
2016-01-13T18:20:00+08:00,40.7
2016-01-13T18:30:00+08:00,40.76
2016-01-13T18:40:00+08:00,40.9
2016-01-13T18:50:00+08:00,40.8266666666667
2016-01-13T19:00:00+08:00,41.15
2016-01-13T19:10:00+08:00,42.1566666666667
2016-01-13T19:20:00+08:00,42.09666666666671
2016-01-13T19:30:00+08:00,41.73
2016-01-13T19:40:00+08:00,41.6566666666667
2016-01-13T19:50:00+08:00,41.59
2016-01-13T20:00:00+08:00,41.59
2016-01-13T20:10:00+08:00,41.6
2016-01-13T20:20:00+08:00,41.3266666666667
2016-01-13T20:30:00+08:00,41.29
2016-01-13T20:40:00+08:00,41.43
2016-01-13T20:50:00+08:00,41.5
2016-01-13T21:00:00+08:00,41.56
2016-01-13T21:10:00+08:00,41.59
2016-01-13T21:20:00+08:00,41.53
2016-01-13T21:30:00+08:00,41.5
2016-01-13T21:40:00+08:00,41.69333333333329
2016-01-13T21:50:00+08:00,42.0
2016-01-13T22:00:00+08:00,42.0
2016-01-13T22:10:00+08:00,42.145
2016-01-13T22:20:00+08:00,42.2
2016-01-13T22:30:00+08:00,42.0666666666667
2016-01-13T22:40:00+08:00,42.0
2016-01-13T22:50:00+08:00,42.1333333333333
2016-01-13T23:00:00+08:00,42.2
2016-01-13T23:10:00+08:00,42.1266666666667
2016-01-13T23:20:00+08:00,42.09
2016-01-13T23:30:00+08:00,42.09
2016-01-13T23:40:00+08:00,42.09
2016-01-13T23:50:00+08:00,42.09
2016-01-14T00:00:00+08:00,42.09
2016-01-14T00:10:00+08:00,42.09
2016-01-14T00:20:00+08:00,42.06
2016-01-14T00:30:00+08:00,42.06
2016-01-14T00:40:00+08:00,42.09
2016-01-14T00:50:00+08:00,42.09
2016-01-14T01:00:00+08:00,42.09
2016-01-14T01:10:00+08:00,42.09
2016-01-14T01:20:00+08:00,42.09
2016-01-14T01:30:00+08:00,42.0
2016-01-14T01:40:00+08:00,42.06
2016-01-14T01:50:00+08:00,42.09
2016-01-14T02:00:00+08:00,42.09
2016-01-14T02:10:00+08:00,42.09
2016-01-14T02:20:00+08:00,42.1633333333333
2016-01-14T02:30:00+08:00,42.2
2016-01-14T02:40:00+08:00,42.2
2016-01-14T02:50:00+08:00,42.1266666666667
2016-01-14T03:00:00+08:00,42.2
2016-01-14T03:10:00+08:00,42.2
2016-01-14T03:20:00+08:00,42.2
2016-01-14T03:30:00+08:00,42.23
2016-01-14T03:40:00+08:00,42.29
2016-01-14T03:50:00+08:00,42.29
2016-01-14T04:00:00+08:00,42.29
2016-01-14T04:10:00+08:00,42.29
2016-01-14T04:20:00+08:00,42.29
2016-01-14T04:30:00+08:00,42.29
2016-01-14T04:40:00+08:00,42.29
2016-01-14T04:50:00+08:00,42.29
2016-01-14T05:00:00+08:00,42.3266666666667
2016-01-14T05:10:00+08:00,42.4
2016-01-14T05:20:00+08:00,42.4
2016-01-14T05:30:00+08:00,42.4
2016-01-14T05:40:00+08:00,42.433333333333294
2016-01-14T05:50:00+08:00,42.5
2016-01-14T06:00:00+08:00,42.5
2016-01-14T06:10:00+08:00,42.5
2016-01-14T06:20:00+08:00,42.56
2016-01-14T06:30:00+08:00,42.5
2016-01-14T06:40:00+08:00,42.53
2016-01-14T06:50:00+08:00,42.59
2016-01-14T07:00:00+08:00,42.59
2016-01-14T07:10:00+08:00,42.863333333333294
2016-01-14T07:20:00+08:00,43.36
2016-01-14T07:30:00+08:00,43.9666666666667
2016-01-14T07:40:00+08:00,44.09
2016-01-14T07:50:00+08:00,44.0225
2016-01-14T08:00:00+08:00,43.933333333333294
2016-01-14T08:10:00+08:00,43.76
2016-01-14T08:20:00+08:00,43.7
2016-01-14T08:30:00+08:00,43.59
2016-01-14T08:40:00+08:00,43.53
2016-01-14T08:50:00+08:00,43.363333333333294
2016-01-14T09:00:00+08:00,43.29
2016-01-14T09:10:00+08:00,43.3266666666667
2016-01-14T09:20:00+08:00,43.4
2016-01-14T09:30:00+08:00,43.4
2016-01-14T09:40:00+08:00,43.2666666666667
2016-01-14T09:50:00+08:00,43.29
2016-01-14T10:00:00+08:00,43.49
2016-01-14T10:10:00+08:00,43.6333333333333
2016-01-14T10:20:00+08:00,43.433333333333294
2016-01-14T10:30:00+08:00,43.7666666666667
2016-01-14T10:40:00+08:00,43.69333333333329
2016-01-14T10:50:00+08:00,43.26
2016-01-14T11:00:00+08:00,43.05
2016-01-14T11:10:00+08:00,42.933333333333294
2016-01-14T11:20:00+08:00,42.863333333333294
2016-01-14T11:30:00+08:00,43.53
2016-01-14T11:40:00+08:00,44.5666666666667
2016-01-14T11:50:00+08:00,44.5
2016-01-14T12:00:00+08:00,45.1233333333333
2016-01-14T12:10:00+08:00,45.73
2016-01-14T12:20:00+08:00,45.05666666666671
2016-01-14T12:30:00+08:00,44.463333333333296
2016-01-14T12:40:00+08:00,45.19333333333329
2016-01-14T12:50:00+08:00,44.7266666666667
2016-01-14T13:00:00+08:00,44.33333333333329
2016-01-14T13:10:00+08:00,43.8666666666667
2016-01-14T13:20:00+08:00,43.5266666666667
2016-01-14T13:30:00+08:00,43.0666666666667
2016-01-14T13:40:00+08:00,42.1
2016-01-14T13:50:00+08:00,41.69333333333329
2016-01-14T14:00:00+08:00,41.59666666666671
2016-01-14T14:10:00+08:00,41.565
2016-01-14T14:20:00+08:00,41.29
2016-01-14T14:30:00+08:00,40.83333333333329
2016-01-14T14:40:00+08:00,40.6266666666667
2016-01-14T14:50:00+08:00,40.56
2016-01-14T15:00:00+08:00,40.433333333333294
2016-01-14T15:10:00+08:00,40.26
2016-01-14T15:20:00+08:00,40.1266666666667
2016-01-14T15:30:00+08:00,40.06
2016-01-14T15:40:00+08:00,40.0
2016-01-14T15:50:00+08:00,40.0
2016-01-14T16:00:00+08:00,39.933333333333294
2016-01-14T16:10:00+08:00,39.79
2016-01-14T16:20:00+08:00,39.73
2016-01-14T16:30:00+08:00,39.59
2016-01-14T16:40:00+08:00,39.7966666666667
2016-01-14T16:50:00+08:00,40.5666666666667
2016-01-14T17:00:00+08:00,41.69333333333329
2016-01-14T17:10:00+08:00,45.1966666666667
2016-01-14T17:20:00+08:00,47.13
2016-01-14T17:30:00+08:00,45.3
2016-01-14T17:40:00+08:00,43.9966666666667
2016-01-14T17:50:00+08:00,43.1966666666667
2016-01-14T18:00:00+08:00,42.363333333333294
2016-01-14T18:10:00+08:00,41.89
2016-01-14T18:20:00+08:00,41.43
2016-01-14T18:30:00+08:00,41.1566666666667
2016-01-14T18:40:00+08:00,40.83333333333329
2016-01-14T18:50:00+08:00,40.5
2016-01-14T19:00:00+08:00,40.69333333333329
2016-01-14T19:10:00+08:00,41.83333333333329
2016-01-14T19:20:00+08:00,42.5633333333333
2016-01-14T19:30:00+08:00,47.76333333333329
2016-01-14T19:40:00+08:00,46.86
2016-01-14T19:50:00+08:00,45.5266666666667
2016-01-14T20:00:00+08:00,44.83333333333329
2016-01-14T20:10:00+08:00,44.1
2016-01-14T20:20:00+08:00,43.2966666666667
2016-01-14T20:30:00+08:00,42.89
2016-01-14T20:40:00+08:00,43.0666666666667
2016-01-14T20:50:00+08:00,43.07
2016-01-14T21:00:00+08:00,42.6333333333333
2016-01-14T21:10:00+08:00,41.93
2016-01-14T21:20:00+08:00,41.79
2016-01-14T21:30:00+08:00,41.79
2016-01-14T21:40:00+08:00,41.73
2016-01-14T21:50:00+08:00,41.56
2016-01-14T22:00:00+08:00,41.5
2016-01-14T22:10:00+08:00,41.033333333333296
2016-01-14T22:20:00+08:00,40.4266666666667
2016-01-14T22:30:00+08:00,40.1633333333333
2016-01-14T22:40:00+08:00,40.09
2016-01-14T22:50:00+08:00,40.06
2016-01-14T23:00:00+08:00,40.0
2016-01-14T23:10:00+08:00,40.0
2016-01-14T23:20:00+08:00,39.933333333333294
2016-01-14T23:30:00+08:00,39.79
2016-01-14T23:40:00+08:00,39.73
2016-01-14T23:50:00+08:00,39.6633333333333
2016-01-15T00:00:00+08:00,39.6633333333333
2016-01-15T00:10:00+08:00,39.59
2016-01-15T00:20:00+08:00,39.56
2016-01-15T00:30:00+08:00,39.433333333333294
2016-01-15T00:40:00+08:00,39.26
2016-01-15T00:50:00+08:00,39.2
2016-01-15T01:00:00+08:00,39.1633333333333
2016-01-15T01:10:00+08:00,39.09
2016-01-15T01:20:00+08:00,39.09
2016-01-15T01:30:00+08:00,39.03
2016-01-15T01:40:00+08:00,39.09
2016-01-15T01:50:00+08:00,39.03
2016-01-15T02:00:00+08:00,39.03
2016-01-15T02:10:00+08:00,39.09
2016-01-15T02:20:00+08:00,39.09
2016-01-15T02:30:00+08:00,39.09
2016-01-15T02:40:00+08:00,39.23
2016-01-15T02:50:00+08:00,39.363333333333294
2016-01-15T03:00:00+08:00,39.5
2016-01-15T03:10:00+08:00,39.433333333333294
2016-01-15T03:20:00+08:00,39.5
2016-01-15T03:30:00+08:00,39.433333333333294
2016-01-15T03:40:00+08:00,39.45
2016-01-15T03:50:00+08:00,39.4
2016-01-15T04:00:00+08:00,39.4
2016-01-15T04:10:00+08:00,39.433333333333294
2016-01-15T04:20:00+08:00,39.5
2016-01-15T04:30:00+08:00,39.53
2016-01-15T04:40:00+08:00,39.59
2016-01-15T04:50:00+08:00,39.56
2016-01-15T05:00:00+08:00,39.5
2016-01-15T05:10:00+08:00,39.5
2016-01-15T05:20:00+08:00,39.5
2016-01-15T05:30:00+08:00,39.4
2016-01-15T05:40:00+08:00,39.4
2016-01-15T05:50:00+08:00,39.863333333333294
2016-01-15T06:00:00+08:00,39.79
2016-01-15T06:10:00+08:00,39.7
2016-01-15T06:20:00+08:00,39.7
2016-01-15T06:30:00+08:00,39.7
2016-01-15T06:40:00+08:00,39.7
2016-01-15T06:50:00+08:00,39.6633333333333
2016-01-15T07:00:00+08:00,39.6175
2016-01-15T07:10:00+08:00,39.9
2016-01-15T07:20:00+08:00,40.223333333333294
2016-01-15T07:30:00+08:00,40.2966666666667
2016-01-15T07:40:00+08:00,40.363333333333294
2016-01-15T07:50:00+08:00,40.09666666666671
2016-01-15T08:00:00+08:00,36.66666666666671
2016-01-15T08:10:00+08:00,34.4
2016-01-15T08:20:00+08:00,33.4333333333333
2016-01-15T08:30:00+08:00,33.56
2016-01-15T08:40:00+08:00,33.86
2016-01-15T08:50:00+08:00,34.1933333333333
2016-01-15T09:00:00+08:00,34.6666666666667
2016-01-15T09:10:00+08:00,35.1933333333333
2016-01-15T09:20:00+08:00,35.9266666666667
2016-01-15T09:30:00+08:00,36.4
2016-01-15T09:40:00+08:00,36.69333333333329
2016-01-15T09:50:00+08:00,37.0266666666667
2016-01-15T10:00:00+08:00,37.36
2016-01-15T10:10:00+08:00,37.6333333333333
2016-01-15T10:20:00+08:00,37.8
2016-01-15T10:30:00+08:00,38.0666666666667
2016-01-15T10:40:00+08:00,38.2
2016-01-15T10:50:00+08:00,38.29
2016-01-15T11:00:00+08:00,38.363333333333294
2016-01-15T11:10:00+08:00,38.433333333333294
2016-01-15T11:20:00+08:00,38.56
2016-01-15T11:30:00+08:00,38.59
2016-01-15T11:40:00+08:00,38.59
2016-01-15T11:50:00+08:00,38.5266666666667
2016-01-15T12:00:00+08:00,38.4
2016-01-15T12:10:00+08:00,38.5
2016-01-15T12:20:00+08:00,38.893333333333295
2016-01-15T12:30:00+08:00,39.79
2016-01-15T12:40:00+08:00,39.99
2016-01-15T12:50:00+08:00,39.5266666666667
2016-01-15T13:00:00+08:00,39.3266666666667
2016-01-15T13:10:00+08:00,39.1633333333333
2016-01-15T13:20:00+08:00,39.03
2016-01-15T13:30:00+08:00,38.995
2016-01-15T13:40:00+08:00,38.76
2016-01-15T13:50:00+08:00,38.7
2016-01-15T14:00:00+08:00,38.79
2016-01-15T14:10:00+08:00,38.79
2016-01-15T14:20:00+08:00,38.8266666666667
2016-01-15T14:30:00+08:00,39.0266666666667
2016-01-15T14:40:00+08:00,39.06
2016-01-15T14:50:00+08:00,38.933333333333294
2016-01-15T15:00:00+08:00,38.69333333333329
2016-01-15T15:10:00+08:00,38.36
2016-01-15T15:20:00+08:00,38.29
2016-01-15T15:30:00+08:00,38.29
2016-01-15T15:40:00+08:00,38.1266666666667
2016-01-15T15:50:00+08:00,38.2
2016-01-15T16:00:00+08:00,38.09
2016-01-15T16:10:00+08:00,38.09
2016-01-15T16:20:00+08:00,38.06
2016-01-15T16:30:00+08:00,38.0
2016-01-15T16:40:00+08:00,37.9666666666667
2016-01-15T16:50:00+08:00,37.8725
2016-01-15T17:00:00+08:00,37.863333333333294
2016-01-15T17:10:00+08:00,37.79
2016-01-15T17:20:00+08:00,37.79
2016-01-15T17:30:00+08:00,37.79
2016-01-15T17:40:00+08:00,37.79
2016-01-15T17:50:00+08:00,37.79
2016-01-15T18:00:00+08:00,37.79
2016-01-15T18:10:00+08:00,37.86
2016-01-15T18:20:00+08:00,38.66666666666671
2016-01-15T18:30:00+08:00,39.9566666666667
2016-01-15T18:40:00+08:00,42.03
2016-01-15T18:50:00+08:00,43.39
2016-01-15T19:00:00+08:00,45.6633333333333
2016-01-15T19:10:00+08:00,47.19333333333329
2016-01-15T19:20:00+08:00,46.86
2016-01-15T19:30:00+08:00,44.893333333333295
2016-01-15T19:40:00+08:00,43.893333333333295
2016-01-15T19:50:00+08:00,42.4966666666667
2016-01-15T20:00:00+08:00,41.7566666666667
2016-01-15T20:10:00+08:00,41.05
2016-01-15T20:20:00+08:00,40.863333333333294
2016-01-15T20:30:00+08:00,40.73
2016-01-15T20:40:00+08:00,40.59
2016-01-15T20:50:00+08:00,40.463333333333296
2016-01-15T21:00:00+08:00,40.223333333333294
2016-01-15T21:10:00+08:00,39.963333333333296
2016-01-15T21:20:00+08:00,39.723333333333294
2016-01-15T21:30:00+08:00,39.53
2016-01-15T21:40:00+08:00,39.33333333333329
2016-01-15T21:50:00+08:00,39.1266666666667
2016-01-15T22:00:00+08:00,39.06
2016-01-15T22:10:00+08:00,38.933333333333294
2016-01-15T22:20:00+08:00,39.0
2016-01-15T22:30:00+08:00,39.19333333333329
2016-01-15T22:40:00+08:00,39.23
2016-01-15T22:50:00+08:00,39.363333333333294
2016-01-15T23:00:00+08:00,39.5
2016-01-15T23:10:00+08:00,39.56
2016-01-15T23:20:00+08:00,39.6266666666667
2016-01-15T23:30:00+08:00,39.7
2016-01-15T23:40:00+08:00,39.76
2016-01-15T23:50:00+08:00,39.8
2016-01-16T00:00:00+08:00,40.0
2016-01-16T00:10:00+08:00,40.1266666666667
2016-01-16T00:20:00+08:00,40.2
2016-01-16T00:30:00+08:00,40.09
2016-01-16T00:40:00+08:00,40.1633333333333
2016-01-16T00:50:00+08:00,40.23
2016-01-16T01:00:00+08:00,40.29
2016-01-16T01:10:00+08:00,40.29
2016-01-16T01:20:00+08:00,40.29
2016-01-16T01:30:00+08:00,40.29
2016-01-16T01:40:00+08:00,40.29
2016-01-16T01:50:00+08:00,40.29
2016-01-16T02:00:00+08:00,40.29
2016-01-16T02:10:00+08:00,40.2
2016-01-16T02:20:00+08:00,40.2
2016-01-16T02:30:00+08:00,40.2
2016-01-16T02:40:00+08:00,40.2
2016-01-16T02:50:00+08:00,40.2
2016-01-16T03:00:00+08:00,40.09
2016-01-16T03:10:00+08:00,40.09
2016-01-16T03:20:00+08:00,40.09
2016-01-16T03:30:00+08:00,40.09
2016-01-16T03:40:00+08:00,40.06
2016-01-16T03:50:00+08:00,40.0
2016-01-16T04:00:00+08:00,40.0
2016-01-16T04:10:00+08:00,40.0
2016-01-16T04:20:00+08:00,40.0
2016-01-16T04:30:00+08:00,40.0
2016-01-16T04:40:00+08:00,39.9
2016-01-16T04:50:00+08:00,39.9
2016-01-16T05:00:00+08:00,39.9
2016-01-16T05:10:00+08:00,39.9
2016-01-16T05:20:00+08:00,39.9
2016-01-16T05:30:00+08:00,39.8266666666667
2016-01-16T05:40:00+08:00,39.9
2016-01-16T05:50:00+08:00,39.9
2016-01-16T06:00:00+08:00,39.9
2016-01-16T06:10:00+08:00,39.925
2016-01-16T06:20:00+08:00,39.933333333333294
2016-01-16T06:30:00+08:00,39.9
2016-01-16T06:40:00+08:00,39.9
2016-01-16T06:50:00+08:00,39.933333333333294
2016-01-16T07:00:00+08:00,40.0
2016-01-16T07:10:00+08:00,40.03
2016-01-16T07:20:00+08:00,40.03
2016-01-16T07:30:00+08:00,39.863333333333294
2016-01-16T07:40:00+08:00,39.79
2016-01-16T07:50:00+08:00,39.963333333333296
2016-01-16T08:00:00+08:00,40.223333333333294
2016-01-16T08:10:00+08:00,40.53
2016-01-16T08:20:00+08:00,40.6633333333333
2016-01-16T08:30:00+08:00,40.7
2016-01-16T08:40:00+08:00,41.033333333333296
2016-01-16T08:50:00+08:00,41.8
2016-01-16T09:00:00+08:00,42.5266666666667
2016-01-16T09:10:00+08:00,42.1
2016-01-16T09:20:00+08:00,41.6333333333333
2016-01-16T09:30:00+08:00,40.995
2016-01-16T09:40:00+08:00,40.79
2016-01-16T09:50:00+08:00,40.863333333333294
2016-01-16T10:00:00+08:00,40.79
2016-01-16T10:10:00+08:00,40.79
2016-01-16T10:20:00+08:00,40.8266666666667
2016-01-16T10:30:00+08:00,41.1
2016-01-16T10:40:00+08:00,41.33333333333329
2016-01-16T10:50:00+08:00,41.1266666666667
2016-01-16T11:00:00+08:00,41.03
2016-01-16T11:10:00+08:00,41.03
2016-01-16T11:20:00+08:00,41.0
2016-01-16T11:30:00+08:00,41.06
2016-01-16T11:40:00+08:00,41.09
2016-01-16T11:50:00+08:00,41.1633333333333
2016-01-16T12:00:00+08:00,41.23
2016-01-16T12:10:00+08:00,41.29
2016-01-16T12:20:00+08:00,41.29
2016-01-16T12:30:00+08:00,41.29
2016-01-16T12:40:00+08:00,41.29
2016-01-16T12:50:00+08:00,40.045
2016-01-16T13:00:00+08:00,39.223333333333294
2016-01-16T13:10:00+08:00,39.6266666666667
2016-01-16T13:20:00+08:00,39.5666666666667
2016-01-16T13:30:00+08:00,39.56
2016-01-16T13:40:00+08:00,39.433333333333294
2016-01-16T13:50:00+08:00,39.53
2016-01-16T14:00:00+08:00,39.59
2016-01-16T14:10:00+08:00,39.5
2016-01-16T14:20:00+08:00,39.5
2016-01-16T14:30:00+08:00,39.4666666666667
2016-01-16T14:40:00+08:00,39.4
2016-01-16T14:50:00+08:00,39.4
2016-01-16T15:00:00+08:00,39.4
2016-01-16T15:10:00+08:00,39.26
2016-01-16T15:20:00+08:00,39.1266666666667
2016-01-16T15:30:00+08:00,39.06
2016-01-16T15:40:00+08:00,38.933333333333294
2016-01-16T15:50:00+08:00,38.93
2016-01-16T16:00:00+08:00,38.79
2016-01-16T16:10:00+08:00,38.69
2016-01-16T16:20:00+08:00,38.56
2016-01-16T16:30:00+08:00,38.5
2016-01-16T16:40:00+08:00,38.4
2016-01-16T16:50:00+08:00,38.3266666666667
2016-01-16T17:00:00+08:00,38.26
2016-01-16T17:10:00+08:00,38.1266666666667
2016-01-16T17:20:00+08:00,38.23
2016-01-16T17:30:00+08:00,38.43
2016-01-16T17:40:00+08:00,38.56
2016-01-16T17:50:00+08:00,38.56
2016-01-16T18:00:00+08:00,38.5
2016-01-16T18:10:00+08:00,38.56
2016-01-16T18:20:00+08:00,39.0
2016-01-16T18:30:00+08:00,39.06
2016-01-16T18:40:00+08:00,40.9
2016-01-16T18:50:00+08:00,42.7666666666667
2016-01-16T19:00:00+08:00,42.4
2016-01-16T19:10:00+08:00,43.19333333333329
2016-01-16T19:20:00+08:00,42.19333333333329
2016-01-16T19:30:00+08:00,41.67
2016-01-16T19:40:00+08:00,41.2266666666667
2016-01-16T19:50:00+08:00,40.7966666666667
2016-01-16T20:00:00+08:00,40.39
2016-01-16T20:10:00+08:00,39.93
2016-01-16T20:20:00+08:00,39.73
2016-01-16T20:30:00+08:00,39.6633333333333
2016-01-16T20:40:00+08:00,39.463333333333296
2016-01-16T20:50:00+08:00,39.1266666666667
2016-01-16T21:00:00+08:00,39.0666666666667
2016-01-16T21:10:00+08:00,38.7
2016-01-16T21:20:00+08:00,38.7
2016-01-16T21:30:00+08:00,38.56
2016-01-16T21:40:00+08:00,38.433333333333294
2016-01-16T21:50:00+08:00,38.363333333333294
2016-01-16T22:00:00+08:00,38.29
2016-01-16T22:10:00+08:00,38.1633333333333
2016-01-16T22:20:00+08:00,38.09
2016-01-16T22:30:00+08:00,38.1266666666667
2016-01-16T22:40:00+08:00,38.33333333333329
2016-01-16T22:50:00+08:00,38.545
2016-01-16T23:00:00+08:00,38.79
2016-01-16T23:10:00+08:00,38.863333333333294
2016-01-16T23:20:00+08:00,38.86
2016-01-16T23:30:00+08:00,39.19333333333329
2016-01-16T23:40:00+08:00,39.23
2016-01-16T23:50:00+08:00,39.29
2016-01-17T00:00:00+08:00,39.363333333333294
2016-01-17T00:10:00+08:00,39.29
2016-01-17T00:20:00+08:00,39.29
2016-01-17T00:30:00+08:00,39.363333333333294
2016-01-17T00:40:00+08:00,39.433333333333294
2016-01-17T00:50:00+08:00,39.5
2016-01-17T01:00:00+08:00,39.5
2016-01-17T01:10:00+08:00,39.56
2016-01-17T01:20:00+08:00,39.6633333333333
2016-01-17T01:30:00+08:00,39.6633333333333
2016-01-17T01:40:00+08:00,39.7
2016-01-17T01:50:00+08:00,39.7
2016-01-17T02:00:00+08:00,39.73
2016-01-17T02:10:00+08:00,39.7675
2016-01-17T02:20:00+08:00,39.7
2016-01-17T02:30:00+08:00,39.79
2016-01-17T02:40:00+08:00,39.79
2016-01-17T02:50:00+08:00,39.8266666666667
2016-01-17T03:00:00+08:00,39.8266666666667
2016-01-17T03:10:00+08:00,39.8266666666667
2016-01-17T03:20:00+08:00,39.9
2016-01-17T03:30:00+08:00,40.0
2016-01-17T03:40:00+08:00,40.0
2016-01-17T03:50:00+08:00,40.03
2016-01-17T04:00:00+08:00,40.03
2016-01-17T04:10:00+08:00,40.0
2016-01-17T04:20:00+08:00,40.06
2016-01-17T04:30:00+08:00,40.09
2016-01-17T04:40:00+08:00,40.09
2016-01-17T04:50:00+08:00,40.2
2016-01-17T05:00:00+08:00,40.2
2016-01-17T05:10:00+08:00,40.2
2016-01-17T05:20:00+08:00,40.2
2016-01-17T05:30:00+08:00,40.29
2016-01-17T05:40:00+08:00,40.29
2016-01-17T05:50:00+08:00,40.29
2016-01-17T06:00:00+08:00,40.29
2016-01-17T06:10:00+08:00,40.363333333333294
2016-01-17T06:20:00+08:00,40.4
2016-01-17T06:30:00+08:00,40.4
2016-01-17T06:40:00+08:00,40.433333333333294
2016-01-17T06:50:00+08:00,40.5
2016-01-17T07:00:00+08:00,40.5
2016-01-17T07:10:00+08:00,40.5
2016-01-17T07:20:00+08:00,40.53
2016-01-17T07:30:00+08:00,40.723333333333294
2016-01-17T07:40:00+08:00,40.933333333333294
2016-01-17T07:50:00+08:00,41.1333333333333
2016-01-17T08:00:00+08:00,41.2
2016-01-17T08:10:00+08:00,41.2
2016-01-17T08:20:00+08:00,41.26
2016-01-17T08:30:00+08:00,41.26
2016-01-17T08:40:00+08:00,41.645
2016-01-17T08:50:00+08:00,42.1266666666667
2016-01-17T09:00:00+08:00,42.4
2016-01-17T09:10:00+08:00,42.39
2016-01-17T09:20:00+08:00,42.59
2016-01-17T09:30:00+08:00,42.533333333333296
2016-01-17T09:40:00+08:00,42.33333333333329
2016-01-17T09:50:00+08:00,41.8
2016-01-17T10:00:00+08:00,40.6
2016-01-17T10:10:00+08:00,39.9666666666667
2016-01-17T10:20:00+08:00,39.7666666666667
2016-01-17T10:30:00+08:00,39.5266666666667
2016-01-17T10:40:00+08:00,39.4
2016-01-17T10:50:00+08:00,39.26
2016-01-17T11:00:00+08:00,39.26
2016-01-17T11:10:00+08:00,39.19333333333329
2016-01-17T11:20:00+08:00,38.8
2016-01-17T11:30:00+08:00,37.933333333333294
2016-01-17T11:40:00+08:00,37.4
2016-01-17T11:50:00+08:00,37.9266666666667
2016-01-17T12:00:00+08:00,38.25
2016-01-17T12:10:00+08:00,38.2666666666667
2016-01-17T12:20:00+08:00,38.26
2016-01-17T12:30:00+08:00,38.26
2016-01-17T12:40:00+08:00,38.23
2016-01-17T12:50:00+08:00,38.23
2016-01-17T13:00:00+08:00,38.06
2016-01-17T13:10:00+08:00,38.06
2016-01-17T13:20:00+08:00,38.1633333333333
2016-01-17T13:30:00+08:00,38.09
2016-01-17T13:40:00+08:00,38.23
2016-01-17T13:50:00+08:00,38.23
2016-01-17T14:00:00+08:00,37.0266666666667
2016-01-17T14:10:00+08:00,34.9
2016-01-17T14:20:00+08:00,33.13
2016-01-17T14:30:00+08:00,32.4633333333333
2016-01-17T14:40:00+08:00,32.0233333333333
2016-01-17T14:50:00+08:00,32.6966666666667
2016-01-17T15:00:00+08:00,33.4266666666667
2016-01-17T15:10:00+08:00,33.96
2016-01-17T15:20:00+08:00,34.245
2016-01-17T15:30:00+08:00,34.5666666666667
2016-01-17T15:40:00+08:00,34.8333333333333
2016-01-17T15:50:00+08:00,35.0666666666667
2016-01-17T16:00:00+08:00,35.26
2016-01-17T16:10:00+08:00,35.4333333333333
2016-01-17T16:20:00+08:00,35.56
2016-01-17T16:30:00+08:00,35.6266666666667
2016-01-17T16:40:00+08:00,35.7
2016-01-17T16:50:00+08:00,35.59
2016-01-17T17:00:00+08:00,35.59
2016-01-17T17:10:00+08:00,35.73
2016-01-17T17:20:00+08:00,35.79
2016-01-17T17:30:00+08:00,36.76
2016-01-17T17:40:00+08:00,38.6266666666667
2016-01-17T17:50:00+08:00,42.0666666666667
2016-01-17T18:00:00+08:00,45.0666666666667
2016-01-17T18:10:00+08:00,45.5266666666667
2016-01-17T18:20:00+08:00,43.5266666666667
2016-01-17T18:30:00+08:00,41.86
2016-01-17T18:40:00+08:00,41.075
2016-01-17T18:50:00+08:00,40.7666666666667
2016-01-17T19:00:00+08:00,46.26
2016-01-17T19:10:00+08:00,47.7333333333333
2016-01-17T19:20:00+08:00,45.63
2016-01-17T19:30:00+08:00,44.63
2016-01-17T19:40:00+08:00,43.26333333333329
2016-01-17T19:50:00+08:00,42.4566666666667
2016-01-17T20:00:00+08:00,41.6233333333333
2016-01-17T20:10:00+08:00,42.09666666666671
2016-01-17T20:20:00+08:00,43.293333333333294
2016-01-17T20:30:00+08:00,41.83333333333329
2016-01-17T20:40:00+08:00,40.393333333333295
2016-01-17T20:50:00+08:00,39.6
2016-01-17T21:00:00+08:00,39.29
2016-01-17T21:10:00+08:00,39.23
2016-01-17T21:20:00+08:00,39.0266666666667
2016-01-17T21:30:00+08:00,38.8266666666667
2016-01-17T21:40:00+08:00,38.73
2016-01-17T21:50:00+08:00,38.73
2016-01-17T22:00:00+08:00,38.4
2016-01-17T22:10:00+08:00,38.73
2016-01-17T22:20:00+08:00,38.863333333333294
2016-01-17T22:30:00+08:00,39.1566666666667
2016-01-17T22:40:00+08:00,39.29
2016-01-17T22:50:00+08:00,39.5666666666667
2016-01-17T23:00:00+08:00,39.7
2016-01-17T23:10:00+08:00,39.8266666666667
2016-01-17T23:20:00+08:00,39.9
2016-01-17T23:30:00+08:00,39.9
2016-01-17T23:40:00+08:00,39.9
2016-01-17T23:50:00+08:00,39.9
2016-01-18T00:00:00+08:00,39.9
2016-01-18T00:10:00+08:00,39.933333333333294
2016-01-18T00:20:00+08:00,40.0
2016-01-18T00:30:00+08:00,40.0
2016-01-18T00:40:00+08:00,40.19333333333329
2016-01-18T00:50:00+08:00,40.5
2016-01-18T01:00:00+08:00,40.69333333333329
2016-01-18T01:10:00+08:00,40.9
2016-01-18T01:20:00+08:00,40.9
2016-01-18T01:30:00+08:00,40.8266666666667
2016-01-18T01:40:00+08:00,40.76
2016-01-18T01:50:00+08:00,40.7
2016-01-18T02:00:00+08:00,40.7
2016-01-18T02:10:00+08:00,40.7
2016-01-18T02:20:00+08:00,40.59
2016-01-18T02:30:00+08:00,40.59
2016-01-18T02:40:00+08:00,40.6633333333333
2016-01-18T02:50:00+08:00,40.6633333333333
2016-01-18T03:00:00+08:00,40.59
2016-01-18T03:10:00+08:00,40.59
2016-01-18T03:20:00+08:00,40.59
2016-01-18T03:30:00+08:00,40.59
2016-01-18T03:40:00+08:00,40.53
2016-01-18T03:50:00+08:00,40.59
2016-01-18T04:00:00+08:00,40.59
2016-01-18T04:10:00+08:00,40.53
2016-01-18T04:20:00+08:00,40.53
2016-01-18T04:30:00+08:00,40.59
2016-01-18T04:40:00+08:00,40.59
2016-01-18T04:50:00+08:00,40.6266666666667
2016-01-18T05:00:00+08:00,40.5666666666667
2016-01-18T05:10:00+08:00,40.59
2016-01-18T05:20:00+08:00,40.6633333333333
2016-01-18T05:30:00+08:00,40.7
2016-01-18T05:40:00+08:00,40.7
2016-01-18T05:50:00+08:00,40.7
2016-01-18T06:00:00+08:00,40.7
2016-01-18T06:10:00+08:00,40.7666666666667
2016-01-18T06:20:00+08:00,41.0266666666667
2016-01-18T06:30:00+08:00,41.2666666666667
2016-01-18T06:40:00+08:00,41.4
2016-01-18T06:50:00+08:00,41.4
2016-01-18T07:00:00+08:00,41.4
2016-01-18T07:10:00+08:00,41.36
2016-01-18T07:20:00+08:00,41.56
2016-01-18T07:30:00+08:00,41.59
2016-01-18T07:40:00+08:00,41.463333333333296
2016-01-18T07:50:00+08:00,41.45
2016-01-18T08:00:00+08:00,41.4
2016-01-18T08:10:00+08:00,41.4
2016-01-18T08:20:00+08:00,41.4
2016-01-18T08:30:00+08:00,41.4
2016-01-18T08:40:00+08:00,41.4
2016-01-18T08:50:00+08:00,41.4
2016-01-18T09:00:00+08:00,41.363333333333294
2016-01-18T09:10:00+08:00,41.23
2016-01-18T09:20:00+08:00,41.2
2016-01-18T09:30:00+08:00,41.2
2016-01-18T09:40:00+08:00,41.2
2016-01-18T09:50:00+08:00,41.2
2016-01-18T10:00:00+08:00,41.1633333333333
2016-01-18T10:10:00+08:00,41.1633333333333
2016-01-18T10:20:00+08:00,41.2
2016-01-18T10:30:00+08:00,41.2
2016-01-18T10:40:00+08:00,41.09
2016-01-18T10:50:00+08:00,41.03
2016-01-18T11:00:00+08:00,41.045
2016-01-18T11:10:00+08:00,41.1266666666667
2016-01-18T11:20:00+08:00,41.2
2016-01-18T11:30:00+08:00,41.2
2016-01-18T11:40:00+08:00,41.2
2016-01-18T11:50:00+08:00,41.23
2016-01-18T12:00:00+08:00,41.29
2016-01-18T12:10:00+08:00,41.29
2016-01-18T12:20:00+08:00,41.29
2016-01-18T12:30:00+08:00,41.29
2016-01-18T12:40:00+08:00,41.29
2016-01-18T12:50:00+08:00,41.29
2016-01-18T13:00:00+08:00,41.29
2016-01-18T13:10:00+08:00,41.4
2016-01-18T13:20:00+08:00,41.4
2016-01-18T13:30:00+08:00,41.29
2016-01-18T13:40:00+08:00,41.29
2016-01-18T13:50:00+08:00,41.363333333333294
2016-01-18T14:00:00+08:00,41.29
2016-01-18T14:10:00+08:00,41.29
2016-01-18T14:20:00+08:00,41.345
2016-01-18T14:30:00+08:00,41.363333333333294
2016-01-18T14:40:00+08:00,41.363333333333294
2016-01-18T14:50:00+08:00,41.363333333333294
2016-01-18T15:00:00+08:00,41.4
2016-01-18T15:10:00+08:00,41.4
2016-01-18T15:20:00+08:00,41.4
2016-01-18T15:30:00+08:00,41.4
2016-01-18T15:40:00+08:00,41.4
2016-01-18T15:50:00+08:00,41.4
2016-01-18T16:00:00+08:00,41.4
2016-01-18T16:10:00+08:00,41.4
2016-01-18T16:20:00+08:00,41.29
2016-01-18T16:30:00+08:00,41.29
2016-01-18T16:40:00+08:00,41.29
2016-01-18T16:50:00+08:00,41.29
2016-01-18T17:00:00+08:00,41.2
2016-01-18T17:10:00+08:00,41.2
2016-01-18T17:20:00+08:00,41.2
2016-01-18T17:30:00+08:00,41.2
2016-01-18T17:40:00+08:00,41.1266666666667
2016-01-18T17:50:00+08:00,41.1266666666667
2016-01-18T18:00:00+08:00,41.1266666666667
2016-01-18T18:10:00+08:00,41.2
2016-01-18T18:20:00+08:00,41.0
2016-01-18T18:30:00+08:00,40.933333333333294
2016-01-18T18:40:00+08:00,41.0
2016-01-18T18:50:00+08:00,41.19333333333329
2016-01-18T19:00:00+08:00,41.4666666666667
2016-01-18T19:10:00+08:00,41.5666666666667
2016-01-18T19:20:00+08:00,41.96
2016-01-18T19:30:00+08:00,42.723333333333294
2016-01-18T19:40:00+08:00,42.53
2016-01-18T19:50:00+08:00,42.1
2016-01-18T20:00:00+08:00,41.8266666666667
2016-01-18T20:10:00+08:00,41.9
2016-01-18T20:20:00+08:00,41.69333333333329
2016-01-18T20:30:00+08:00,41.363333333333294
2016-01-18T20:40:00+08:00,40.8925
2016-01-18T20:50:00+08:00,40.7666666666667
2016-01-18T21:00:00+08:00,40.7
2016-01-18T21:10:00+08:00,40.6266666666667
2016-01-18T21:20:00+08:00,40.4
2016-01-18T21:30:00+08:00,40.2666666666667
2016-01-18T21:40:00+08:00,39.6333333333333
2016-01-18T21:50:00+08:00,39.36
2016-01-18T22:00:00+08:00,38.7966666666667
2016-01-18T22:10:00+08:00,38.463333333333296
2016-01-18T22:20:00+08:00,38.29
2016-01-18T22:30:00+08:00,38.29
2016-01-18T22:40:00+08:00,38.3266666666667
2016-01-18T22:50:00+08:00,38.4666666666667
2016-01-18T23:00:00+08:00,38.59
2016-01-18T23:10:00+08:00,38.6633333333333
2016-01-18T23:20:00+08:00,38.79
2016-01-18T23:30:00+08:00,38.863333333333294
2016-01-18T23:40:00+08:00,38.933333333333294
2016-01-18T23:50:00+08:00,39.06
2016-01-19T00:00:00+08:00,39.09
2016-01-19T00:10:00+08:00,39.2
2016-01-19T00:20:00+08:00,39.2
2016-01-19T00:30:00+08:00,39.53
2016-01-19T00:40:00+08:00,39.463333333333296
2016-01-19T00:50:00+08:00,39.4
2016-01-19T01:00:00+08:00,39.4
2016-01-19T01:10:00+08:00,39.29
2016-01-19T01:20:00+08:00,39.23
2016-01-19T01:30:00+08:00,39.2
2016-01-19T01:40:00+08:00,39.2
2016-01-19T01:50:00+08:00,39.2
2016-01-19T02:00:00+08:00,39.2
2016-01-19T02:10:00+08:00,39.09
2016-01-19T02:20:00+08:00,39.09
2016-01-19T02:30:00+08:00,39.09
2016-01-19T02:40:00+08:00,39.09
2016-01-19T02:50:00+08:00,39.06
2016-01-19T03:00:00+08:00,39.0
2016-01-19T03:10:00+08:00,38.95
2016-01-19T03:20:00+08:00,39.0
2016-01-19T03:30:00+08:00,39.0
2016-01-19T03:40:00+08:00,38.9
2016-01-19T03:50:00+08:00,38.9
2016-01-19T04:00:00+08:00,38.9
2016-01-19T04:10:00+08:00,38.9
2016-01-19T04:20:00+08:00,38.9
2016-01-19T04:30:00+08:00,38.9666666666667
2016-01-19T04:40:00+08:00,39.03
2016-01-19T04:50:00+08:00,39.03
2016-01-19T05:00:00+08:00,39.0
2016-01-19T05:10:00+08:00,39.0
2016-01-19T05:20:00+08:00,39.09
2016-01-19T05:30:00+08:00,39.09
2016-01-19T05:40:00+08:00,39.09
2016-01-19T05:50:00+08:00,39.1633333333333
2016-01-19T06:00:00+08:00,39.2
2016-01-19T06:10:00+08:00,39.2
2016-01-19T06:20:00+08:00,39.595
2016-01-19T06:30:00+08:00,39.963333333333296
2016-01-19T06:40:00+08:00,40.03
2016-01-19T06:50:00+08:00,40.0
2016-01-19T07:00:00+08:00,39.933333333333294
2016-01-19T07:10:00+08:00,39.933333333333294
2016-01-19T07:20:00+08:00,40.06
2016-01-19T07:30:00+08:00,40.2
2016-01-19T07:40:00+08:00,40.2
2016-01-19T07:50:00+08:00,40.3266666666667
2016-01-19T08:00:00+08:00,40.5266666666667
2016-01-19T08:10:00+08:00,40.59
2016-01-19T08:20:00+08:00,40.53
2016-01-19T08:30:00+08:00,40.4
2016-01-19T08:40:00+08:00,40.4
2016-01-19T08:50:00+08:00,40.433333333333294
2016-01-19T09:00:00+08:00,40.433333333333294
2016-01-19T09:10:00+08:00,40.5
2016-01-19T09:20:00+08:00,40.56
2016-01-19T09:30:00+08:00,40.59
2016-01-19T09:40:00+08:00,40.59
2016-01-19T09:50:00+08:00,40.59
2016-01-19T10:00:00+08:00,40.545
2016-01-19T10:10:00+08:00,40.53
2016-01-19T10:20:00+08:00,40.5
2016-01-19T10:30:00+08:00,40.5
2016-01-19T10:40:00+08:00,40.5
2016-01-19T10:50:00+08:00,40.5
2016-01-19T11:00:00+08:00,40.5
2016-01-19T11:10:00+08:00,40.5
2016-01-19T11:20:00+08:00,40.56
2016-01-19T11:30:00+08:00,40.5
2016-01-19T11:40:00+08:00,40.4
2016-01-19T11:50:00+08:00,40.4
2016-01-19T12:00:00+08:00,40.29
2016-01-19T12:10:00+08:00,40.29
2016-01-19T12:20:00+08:00,40.29
2016-01-19T12:30:00+08:00,40.23
2016-01-19T12:40:00+08:00,40.2
2016-01-19T12:50:00+08:00,40.09
2016-01-19T13:00:00+08:00,40.03
2016-01-19T13:10:00+08:00,39.9666666666667
2016-01-19T13:20:00+08:00,39.9
2016-01-19T13:30:00+08:00,39.9
2016-01-19T13:40:00+08:00,39.9
2016-01-19T13:50:00+08:00,39.9
2016-01-19T14:00:00+08:00,39.9
2016-01-19T14:10:00+08:00,39.9
2016-01-19T14:20:00+08:00,39.9
2016-01-19T14:30:00+08:00,39.9
2016-01-19T14:40:00+08:00,39.9
2016-01-19T14:50:00+08:00,39.9
2016-01-19T15:00:00+08:00,39.9666666666667
2016-01-19T15:10:00+08:00,40.03
2016-01-19T15:20:00+08:00,40.09
2016-01-19T15:30:00+08:00,40.1266666666667
2016-01-19T15:40:00+08:00,40.1266666666667
2016-01-19T15:50:00+08:00,40.2
2016-01-19T16:00:00+08:00,40.23
2016-01-19T16:10:00+08:00,40.29
2016-01-19T16:20:00+08:00,40.26
2016-01-19T16:30:00+08:00,40.1266666666667
2016-01-19T16:40:00+08:00,40.06
2016-01-19T16:50:00+08:00,39.933333333333294
2016-01-19T17:00:00+08:00,39.83333333333329
2016-01-19T17:10:00+08:00,39.7
2016-01-19T17:20:00+08:00,39.6633333333333
2016-01-19T17:30:00+08:00,39.59
2016-01-19T17:40:00+08:00,39.59
2016-01-19T17:50:00+08:00,39.53
2016-01-19T18:00:00+08:00,39.4666666666667
2016-01-19T18:10:00+08:00,39.2666666666667
2016-01-19T18:20:00+08:00,39.09
2016-01-19T18:30:00+08:00,39.03
2016-01-19T18:40:00+08:00,38.8266666666667
2016-01-19T18:50:00+08:00,38.9666666666667
2016-01-19T19:00:00+08:00,39.19
2016-01-19T19:10:00+08:00,39.463333333333296
2016-01-19T19:20:00+08:00,39.863333333333294
2016-01-19T19:30:00+08:00,40.7666666666667
2016-01-19T19:40:00+08:00,40.8266666666667
2016-01-19T19:50:00+08:00,41.0266666666667
2016-01-19T20:00:00+08:00,40.8266666666667
2016-01-19T20:10:00+08:00,40.8
2016-01-19T20:20:00+08:00,41.1333333333333
2016-01-19T20:30:00+08:00,40.6333333333333
2016-01-19T20:40:00+08:00,40.433333333333294
2016-01-19T20:50:00+08:00,40.363333333333294
2016-01-19T21:00:00+08:00,40.1566666666667
2016-01-19T21:10:00+08:00,40.0
2016-01-19T21:20:00+08:00,39.86
2016-01-19T21:30:00+08:00,39.6633333333333
2016-01-19T21:40:00+08:00,39.53
2016-01-19T21:50:00+08:00,39.33333333333329
2016-01-19T22:00:00+08:00,39.1266666666667
2016-01-19T22:10:00+08:00,38.66
2016-01-19T22:20:00+08:00,38.25
2016-01-19T22:30:00+08:00,38.2
2016-01-19T22:40:00+08:00,38.23
2016-01-19T22:50:00+08:00,38.29
2016-01-19T23:00:00+08:00,38.433333333333294
2016-01-19T23:10:00+08:00,38.56
2016-01-19T23:20:00+08:00,38.59
2016-01-19T23:30:00+08:00,38.59
2016-01-19T23:40:00+08:00,38.7
2016-01-19T23:50:00+08:00,38.7
2016-01-20T00:00:00+08:00,38.7
2016-01-20T00:10:00+08:00,38.76
2016-01-20T00:20:00+08:00,38.8266666666667
2016-01-20T00:30:00+08:00,38.9
2016-01-20T00:40:00+08:00,39.0
2016-01-20T00:50:00+08:00,38.933333333333294
2016-01-20T01:00:00+08:00,39.0
2016-01-20T01:10:00+08:00,39.06
2016-01-20T01:20:00+08:00,39.1266666666667
2016-01-20T01:30:00+08:00,39.2
2016-01-20T01:40:00+08:00,39.2
2016-01-20T01:50:00+08:00,39.23
2016-01-20T02:00:00+08:00,39.29
2016-01-20T02:10:00+08:00,39.29
2016-01-20T02:20:00+08:00,39.29
2016-01-20T02:30:00+08:00,39.223333333333294
2016-01-20T02:40:00+08:00,39.1633333333333
2016-01-20T02:50:00+08:00,39.2
2016-01-20T03:00:00+08:00,39.2
2016-01-20T03:10:00+08:00,39.2
2016-01-20T03:20:00+08:00,39.2
2016-01-20T03:30:00+08:00,39.09
2016-01-20T03:40:00+08:00,39.09
2016-01-20T03:50:00+08:00,39.06
2016-01-20T04:00:00+08:00,39.0
2016-01-20T04:10:00+08:00,39.0
2016-01-20T04:20:00+08:00,38.933333333333294
2016-01-20T04:30:00+08:00,38.9
2016-01-20T04:40:00+08:00,38.9
2016-01-20T04:50:00+08:00,38.9666666666667
2016-01-20T05:00:00+08:00,39.0
2016-01-20T05:10:00+08:00,39.0
2016-01-20T05:20:00+08:00,38.9666666666667
2016-01-20T05:30:00+08:00,38.9666666666667
2016-01-20T05:40:00+08:00,39.0
2016-01-20T05:50:00+08:00,39.0
2016-01-20T06:00:00+08:00,39.09
2016-01-20T06:10:00+08:00,39.09
2016-01-20T06:20:00+08:00,39.39
2016-01-20T06:30:00+08:00,39.59
2016-01-20T06:40:00+08:00,39.79
2016-01-20T06:50:00+08:00,39.79
2016-01-20T07:00:00+08:00,39.6633333333333
2016-01-20T07:10:00+08:00,39.463333333333296
2016-01-20T07:20:00+08:00,39.26
2016-01-20T07:30:00+08:00,39.1266666666667
2016-01-20T07:40:00+08:00,38.863333333333294
2016-01-20T07:50:00+08:00,38.5475
2016-01-20T08:00:00+08:00,38.3266666666667
2016-01-20T08:10:00+08:00,38.1333333333333
2016-01-20T08:20:00+08:00,37.933333333333294
2016-01-20T08:30:00+08:00,37.8266666666667
2016-01-20T08:40:00+08:00,37.7666666666667
2016-01-20T08:50:00+08:00,37.7
2016-01-20T09:00:00+08:00,37.83333333333329
2016-01-20T09:10:00+08:00,37.863333333333294
2016-01-20T09:20:00+08:00,37.73
2016-01-20T09:30:00+08:00,38.03
2016-01-20T09:40:00+08:00,38.823333333333295
2016-01-20T09:50:00+08:00,38.9666666666667
2016-01-20T10:00:00+08:00,39.83333333333329
2016-01-20T10:10:00+08:00,38.96
2016-01-20T10:20:00+08:00,38.4266666666667
2016-01-20T10:30:00+08:00,37.9
2016-01-20T10:40:00+08:00,37.3666666666667
2016-01-20T10:50:00+08:00,36.9666666666667
2016-01-20T11:00:00+08:00,36.9
2016-01-20T11:10:00+08:00,36.9
2016-01-20T11:20:00+08:00,36.9
2016-01-20T11:30:00+08:00,36.8266666666667
2016-01-20T11:40:00+08:00,36.8266666666667
2016-01-20T11:50:00+08:00,36.9
2016-01-20T12:00:00+08:00,36.7966666666667
2016-01-20T12:10:00+08:00,36.53
2016-01-20T12:20:00+08:00,36.43
2016-01-20T12:30:00+08:00,36.23
2016-01-20T12:40:00+08:00,36.06
2016-01-20T12:50:00+08:00,36.0
2016-01-20T13:00:00+08:00,35.8633333333333
2016-01-20T13:10:00+08:00,35.73
2016-01-20T13:20:00+08:00,35.6266666666667
2016-01-20T13:30:00+08:00,35.7
2016-01-20T13:40:00+08:00,35.79
2016-01-20T13:50:00+08:00,35.79
2016-01-20T14:00:00+08:00,35.8266666666667
2016-01-20T14:10:00+08:00,35.975
2016-01-20T14:20:00+08:00,36.06
2016-01-20T14:30:00+08:00,36.09
2016-01-20T14:40:00+08:00,36.1633333333333
2016-01-20T14:50:00+08:00,36.2
2016-01-20T15:00:00+08:00,36.26
2016-01-20T15:10:00+08:00,36.23
2016-01-20T15:20:00+08:00,36.29
2016-01-20T15:30:00+08:00,36.29
2016-01-20T15:40:00+08:00,36.29
2016-01-20T15:50:00+08:00,36.29
2016-01-20T16:00:00+08:00,36.363333333333294
2016-01-20T16:10:00+08:00,36.433333333333294
2016-01-20T16:20:00+08:00,36.5
2016-01-20T16:30:00+08:00,36.5
2016-01-20T16:40:00+08:00,36.56
2016-01-20T16:50:00+08:00,36.59
2016-01-20T17:00:00+08:00,36.6633333333333
2016-01-20T17:10:00+08:00,36.6266666666667
2016-01-20T17:20:00+08:00,36.75
2016-01-20T17:30:00+08:00,36.9666666666667
2016-01-20T17:40:00+08:00,37.03
2016-01-20T17:50:00+08:00,37.1633333333333
2016-01-20T18:00:00+08:00,37.2
2016-01-20T18:10:00+08:00,37.33333333333329
2016-01-20T18:20:00+08:00,37.53
2016-01-20T18:30:00+08:00,37.723333333333294
2016-01-20T18:40:00+08:00,38.03
2016-01-20T18:50:00+08:00,38.09
2016-01-20T19:00:00+08:00,41.16
2016-01-20T19:10:00+08:00,46.5666666666667
2016-01-20T19:20:00+08:00,44.2566666666667
2016-01-20T19:30:00+08:00,43.2566666666667
2016-01-20T19:40:00+08:00,43.36
2016-01-20T19:50:00+08:00,42.2333333333333
2016-01-20T20:00:00+08:00,41.2666666666667
2016-01-20T20:10:00+08:00,41.0
2016-01-20T20:20:00+08:00,40.863333333333294
2016-01-20T20:30:00+08:00,40.395
2016-01-20T20:40:00+08:00,39.59666666666671
2016-01-20T20:50:00+08:00,39.1633333333333
2016-01-20T21:00:00+08:00,39.03
2016-01-20T21:10:00+08:00,38.863333333333294
2016-01-20T21:20:00+08:00,38.73
2016-01-20T21:30:00+08:00,38.5266666666667
2016-01-20T21:40:00+08:00,38.3266666666667
2016-01-20T21:50:00+08:00,38.06
2016-01-20T22:00:00+08:00,37.933333333333294
2016-01-20T22:10:00+08:00,37.9
2016-01-20T22:20:00+08:00,37.9
2016-01-20T22:30:00+08:00,37.9
2016-01-20T22:40:00+08:00,37.8266666666667
2016-01-20T22:50:00+08:00,37.9
2016-01-20T23:00:00+08:00,37.9
2016-01-20T23:10:00+08:00,38.0
2016-01-20T23:20:00+08:00,38.0
2016-01-20T23:30:00+08:00,38.09
2016-01-20T23:40:00+08:00,38.09
2016-01-20T23:50:00+08:00,38.145
2016-01-21T00:00:00+08:00,38.1266666666667
2016-01-21T00:10:00+08:00,38.26
2016-01-21T00:20:00+08:00,38.29
2016-01-21T00:30:00+08:00,38.29
2016-01-21T00:40:00+08:00,38.433333333333294
2016-01-21T00:50:00+08:00,38.56
2016-01-21T01:00:00+08:00,38.6633333333333
2016-01-21T01:10:00+08:00,38.6633333333333
2016-01-21T01:20:00+08:00,38.79
2016-01-21T01:30:00+08:00,38.79
2016-01-21T01:40:00+08:00,38.79
2016-01-21T01:50:00+08:00,38.73
2016-01-21T02:00:00+08:00,38.7
2016-01-21T02:10:00+08:00,38.76
2016-01-21T02:20:00+08:00,38.79
2016-01-21T02:30:00+08:00,38.79
2016-01-21T02:40:00+08:00,38.76
2016-01-21T02:50:00+08:00,38.7
2016-01-21T03:00:00+08:00,38.645
2016-01-21T03:10:00+08:00,38.59
2016-01-21T03:20:00+08:00,38.59
2016-01-21T03:30:00+08:00,38.59
2016-01-21T03:40:00+08:00,38.59
2016-01-21T03:50:00+08:00,38.6266666666667
2016-01-21T04:00:00+08:00,38.6266666666667
2016-01-21T04:10:00+08:00,38.59
2016-01-21T04:20:00+08:00,38.59
2016-01-21T04:30:00+08:00,38.59
2016-01-21T04:40:00+08:00,38.59
2016-01-21T04:50:00+08:00,38.6266666666667
2016-01-21T05:00:00+08:00,38.7
2016-01-21T05:10:00+08:00,38.6633333333333
2016-01-21T05:20:00+08:00,38.6633333333333
2016-01-21T05:30:00+08:00,38.7
2016-01-21T05:40:00+08:00,38.7
2016-01-21T05:50:00+08:00,38.73
2016-01-21T06:00:00+08:00,38.79
2016-01-21T06:10:00+08:00,38.79
2016-01-21T06:20:00+08:00,39.3
2016-01-21T06:30:00+08:00,39.893333333333295
2016-01-21T06:40:00+08:00,39.723333333333294
2016-01-21T06:50:00+08:00,39.59
2016-01-21T07:00:00+08:00,39.59
2016-01-21T07:10:00+08:00,39.59
2016-01-21T07:20:00+08:00,39.6633333333333
2016-01-21T07:30:00+08:00,39.59
2016-01-21T07:40:00+08:00,39.4666666666667
2016-01-21T07:50:00+08:00,39.2666666666667
2016-01-21T08:00:00+08:00,39.06
2016-01-21T08:10:00+08:00,38.933333333333294
2016-01-21T08:20:00+08:00,38.723333333333294
2016-01-21T08:30:00+08:00,38.59
2016-01-21T08:40:00+08:00,38.5
2016-01-21T08:50:00+08:00,38.433333333333294
2016-01-21T09:00:00+08:00,38.29
2016-01-21T09:10:00+08:00,38.29
2016-01-21T09:20:00+08:00,38.145
2016-01-21T09:30:00+08:00,38.0266666666667
2016-01-21T09:40:00+08:00,37.8266666666667
2016-01-21T09:50:00+08:00,37.7
2016-01-21T10:00:00+08:00,37.7
2016-01-21T10:10:00+08:00,37.7
2016-01-21T10:20:00+08:00,37.7
2016-01-21T10:30:00+08:00,37.59
2016-01-21T10:40:00+08:00,37.59
2016-01-21T10:50:00+08:00,37.6266666666667
2016-01-21T11:00:00+08:00,37.7
2016-01-21T11:10:00+08:00,37.7
2016-01-21T11:20:00+08:00,37.76
2016-01-21T11:30:00+08:00,37.7
2016-01-21T11:40:00+08:00,37.6266666666667
2016-01-21T11:50:00+08:00,37.59
2016-01-21T12:00:00+08:00,37.53
2016-01-21T12:10:00+08:00,37.4666666666667
2016-01-21T12:20:00+08:00,37.4
2016-01-21T12:30:00+08:00,37.345
2016-01-21T12:40:00+08:00,37.3266666666667
2016-01-21T12:50:00+08:00,37.3266666666667
2016-01-21T13:00:00+08:00,37.1633333333333
2016-01-21T13:10:00+08:00,37.09
2016-01-21T13:20:00+08:00,37.0
2016-01-21T13:30:00+08:00,37.06
2016-01-21T13:40:00+08:00,37.1633333333333
2016-01-21T13:50:00+08:00,37.09
2016-01-21T14:00:00+08:00,36.863333333333294
2016-01-21T14:10:00+08:00,36.73
2016-01-21T14:20:00+08:00,36.4
2016-01-21T14:30:00+08:00,36.3266666666667
2016-01-21T14:40:00+08:00,36.5
2016-01-21T14:50:00+08:00,36.76
2016-01-21T15:00:00+08:00,36.9
2016-01-21T15:10:00+08:00,36.9
2016-01-21T15:20:00+08:00,36.863333333333294
2016-01-21T15:30:00+08:00,36.73
2016-01-21T15:40:00+08:00,36.645
2016-01-21T15:50:00+08:00,36.59
2016-01-21T16:00:00+08:00,36.6633333333333
2016-01-21T16:10:00+08:00,36.73
2016-01-21T16:20:00+08:00,36.863333333333294
2016-01-21T16:30:00+08:00,36.9
2016-01-21T16:40:00+08:00,36.9
2016-01-21T16:50:00+08:00,36.933333333333294
2016-01-21T17:00:00+08:00,37.0
2016-01-21T17:10:00+08:00,37.03
2016-01-21T17:20:00+08:00,37.09
2016-01-21T17:30:00+08:00,37.2
2016-01-21T17:40:00+08:00,37.2
2016-01-21T17:50:00+08:00,37.2
2016-01-21T18:00:00+08:00,37.2
2016-01-21T18:10:00+08:00,36.723333333333294
2016-01-21T18:20:00+08:00,36.53
2016-01-21T18:30:00+08:00,35.7233333333333
2016-01-21T18:40:00+08:00,34.9233333333333
2016-01-21T18:50:00+08:00,34.3
2016-01-21T19:00:00+08:00,37.863333333333294
2016-01-21T19:10:00+08:00,47.6633333333333
2016-01-21T19:20:00+08:00,49.4966666666667
2016-01-21T19:30:00+08:00,47.03
2016-01-21T19:40:00+08:00,43.69333333333329
2016-01-21T19:50:00+08:00,42.16
2016-01-21T20:00:00+08:00,40.55666666666671
2016-01-21T20:10:00+08:00,39.7566666666667
2016-01-21T20:20:00+08:00,38.9
2016-01-21T20:30:00+08:00,38.5666666666667
2016-01-21T20:40:00+08:00,37.9666666666667
2016-01-21T20:50:00+08:00,37.9
2016-01-21T21:00:00+08:00,37.863333333333294
2016-01-21T21:10:00+08:00,37.73
2016-01-21T21:20:00+08:00,37.5
2016-01-21T21:30:00+08:00,37.56
2016-01-21T21:40:00+08:00,37.5266666666667
2016-01-21T21:50:00+08:00,37.3266666666667
2016-01-21T22:00:00+08:00,37.29
2016-01-21T22:10:00+08:00,37.2225
2016-01-21T22:20:00+08:00,37.2
2016-01-21T22:30:00+08:00,37.223333333333294
2016-01-21T22:40:00+08:00,37.03
2016-01-21T22:50:00+08:00,36.9
2016-01-21T23:00:00+08:00,36.9
2016-01-21T23:10:00+08:00,36.9
2016-01-21T23:20:00+08:00,36.8266666666667
2016-01-21T23:30:00+08:00,36.8266666666667
2016-01-21T23:40:00+08:00,36.9
2016-01-21T23:50:00+08:00,36.9
2016-01-22T00:00:00+08:00,36.9666666666667
2016-01-22T00:10:00+08:00,36.933333333333294
2016-01-22T00:20:00+08:00,37.06
2016-01-22T00:30:00+08:00,37.1266666666667
2016-01-22T00:40:00+08:00,37.2
2016-01-22T00:50:00+08:00,37.2
2016-01-22T01:00:00+08:00,37.2
2016-01-22T01:10:00+08:00,37.23
2016-01-22T01:20:00+08:00,37.345
2016-01-22T01:30:00+08:00,37.29
2016-01-22T01:40:00+08:00,37.29
2016-01-22T01:50:00+08:00,37.23
2016-01-22T02:00:00+08:00,37.2
2016-01-22T02:10:00+08:00,37.2
2016-01-22T02:20:00+08:00,37.29
2016-01-22T02:30:00+08:00,37.29
2016-01-22T02:40:00+08:00,37.29
2016-01-22T02:50:00+08:00,37.29
2016-01-22T03:00:00+08:00,37.29
2016-01-22T03:10:00+08:00,37.29
2016-01-22T03:20:00+08:00,37.29
2016-01-22T03:30:00+08:00,37.29
2016-01-22T03:40:00+08:00,37.3266666666667
2016-01-22T03:50:00+08:00,37.4
2016-01-22T04:00:00+08:00,37.4
2016-01-22T04:10:00+08:00,37.4
2016-01-22T04:20:00+08:00,37.4
2016-01-22T04:30:00+08:00,37.475
2016-01-22T04:40:00+08:00,37.5
2016-01-22T04:50:00+08:00,37.5
2016-01-22T05:00:00+08:00,37.5
2016-01-22T05:10:00+08:00,37.59
2016-01-22T05:20:00+08:00,37.59
2016-01-22T05:30:00+08:00,37.59
2016-01-22T05:40:00+08:00,37.6633333333333
2016-01-22T05:50:00+08:00,37.7
2016-01-22T06:00:00+08:00,37.7
2016-01-22T06:10:00+08:00,37.7
2016-01-22T06:20:00+08:00,37.7
2016-01-22T06:30:00+08:00,37.7
2016-01-22T06:40:00+08:00,37.76
2016-01-22T06:50:00+08:00,37.79
2016-01-22T07:00:00+08:00,37.79
2016-01-22T07:10:00+08:00,38.0
2016-01-22T07:20:00+08:00,38.06
2016-01-22T07:30:00+08:00,38.19333333333329
2016-01-22T07:40:00+08:00,38.57
2016-01-22T07:50:00+08:00,38.9
2016-01-22T08:00:00+08:00,39.0
2016-01-22T08:10:00+08:00,38.933333333333294
2016-01-22T08:20:00+08:00,39.0
2016-01-22T08:30:00+08:00,38.933333333333294
2016-01-22T08:40:00+08:00,38.76
2016-01-22T08:50:00+08:00,38.7
2016-01-22T09:00:00+08:00,38.56
2016-01-22T09:10:00+08:00,38.433333333333294
2016-01-22T09:20:00+08:00,38.4666666666667
2016-01-22T09:30:00+08:00,38.4
2016-01-22T09:40:00+08:00,38.4
2016-01-22T09:50:00+08:00,38.4
2016-01-22T10:00:00+08:00,38.433333333333294
2016-01-22T10:10:00+08:00,38.5
2016-01-22T10:20:00+08:00,38.5
2016-01-22T10:30:00+08:00,38.5
2016-01-22T10:40:00+08:00,38.53
2016-01-22T10:50:00+08:00,38.59
2016-01-22T11:00:00+08:00,38.59
2016-01-22T11:10:00+08:00,38.59
2016-01-22T11:20:00+08:00,38.6633333333333
2016-01-22T11:30:00+08:00,38.79
2016-01-22T11:40:00+08:00,38.79
2016-01-22T11:50:00+08:00,38.79
2016-01-22T12:00:00+08:00,38.79
2016-01-22T12:10:00+08:00,38.79
2016-01-22T12:20:00+08:00,38.79
2016-01-22T12:30:00+08:00,38.79
2016-01-22T12:40:00+08:00,38.79
2016-01-22T12:50:00+08:00,38.76
2016-01-22T13:00:00+08:00,38.7
2016-01-22T13:10:00+08:00,38.73
2016-01-22T13:20:00+08:00,38.79
2016-01-22T13:30:00+08:00,38.7
2016-01-22T13:40:00+08:00,38.7
2016-01-22T13:50:00+08:00,38.79
2016-01-22T14:00:00+08:00,38.73
2016-01-22T14:10:00+08:00,38.7
2016-01-22T14:20:00+08:00,38.79
2016-01-22T14:30:00+08:00,38.79
2016-01-22T14:40:00+08:00,38.79
2016-01-22T14:50:00+08:00,38.79
2016-01-22T15:00:00+08:00,38.79
2016-01-22T15:10:00+08:00,38.79
2016-01-22T15:20:00+08:00,38.9
2016-01-22T15:30:00+08:00,38.9
2016-01-22T15:40:00+08:00,39.0
2016-01-22T15:50:00+08:00,39.0
2016-01-22T16:00:00+08:00,39.09
2016-01-22T16:10:00+08:00,39.1633333333333
2016-01-22T16:20:00+08:00,39.1633333333333
2016-01-22T16:30:00+08:00,39.1633333333333
2016-01-22T16:40:00+08:00,39.23
2016-01-22T16:50:00+08:00,39.29
2016-01-22T17:00:00+08:00,39.4
2016-01-22T17:10:00+08:00,39.4666666666667
2016-01-22T17:20:00+08:00,39.545
2016-01-22T17:30:00+08:00,39.6266666666667
2016-01-22T17:40:00+08:00,39.7
2016-01-22T17:50:00+08:00,39.7
2016-01-22T18:00:00+08:00,39.76
2016-01-22T18:10:00+08:00,39.8266666666667
2016-01-22T18:20:00+08:00,39.9
2016-01-22T18:30:00+08:00,39.9
2016-01-22T18:40:00+08:00,39.9666666666667
2016-01-22T18:50:00+08:00,40.03
2016-01-22T19:00:00+08:00,40.09
2016-01-22T19:10:00+08:00,40.1266666666667
2016-01-22T19:20:00+08:00,40.2
2016-01-22T19:30:00+08:00,40.29
2016-01-22T19:40:00+08:00,40.29
2016-01-22T19:50:00+08:00,40.4
2016-01-22T20:00:00+08:00,40.4
2016-01-22T20:10:00+08:00,40.433333333333294
2016-01-22T20:20:00+08:00,40.5
2016-01-22T20:30:00+08:00,40.5
2016-01-22T20:40:00+08:00,40.463333333333296
2016-01-22T20:50:00+08:00,40.53
2016-01-22T21:00:00+08:00,40.53
2016-01-22T21:10:00+08:00,40.59
2016-01-22T21:20:00+08:00,40.6266666666667
2016-01-22T21:30:00+08:00,40.7
2016-01-22T21:40:00+08:00,40.7
2016-01-22T21:50:00+08:00,40.76
2016-01-22T22:00:00+08:00,40.79
2016-01-22T22:10:00+08:00,40.79
2016-01-22T22:20:00+08:00,40.9
2016-01-22T22:30:00+08:00,40.9
2016-01-22T22:40:00+08:00,40.933333333333294
2016-01-22T22:50:00+08:00,41.0
2016-01-22T23:00:00+08:00,41.0
2016-01-22T23:10:00+08:00,41.06
2016-01-22T23:20:00+08:00,41.06
2016-01-22T23:30:00+08:00,41.06
2016-01-22T23:40:00+08:00,41.145
2016-01-22T23:50:00+08:00,41.2
2016-01-23T00:00:00+08:00,41.26
2016-01-23T00:10:00+08:00,41.29
2016-01-23T00:20:00+08:00,41.29
2016-01-23T00:30:00+08:00,41.4
2016-01-23T00:40:00+08:00,41.4666666666667
2016-01-23T00:50:00+08:00,41.5
2016-01-23T01:00:00+08:00,41.56
2016-01-23T01:10:00+08:00,41.59
2016-01-23T01:20:00+08:00,41.6633333333333
2016-01-23T01:30:00+08:00,41.73
2016-01-23T01:40:00+08:00,41.79
2016-01-23T01:50:00+08:00,41.8266666666667
2016-01-23T02:00:00+08:00,41.9
2016-01-23T02:10:00+08:00,41.9
2016-01-23T02:20:00+08:00,41.9666666666667
2016-01-23T02:30:00+08:00,42.0
2016-01-23T02:40:00+08:00,42.06
2016-01-23T02:50:00+08:00,42.09
2016-01-23T03:00:00+08:00,42.1266666666667
2016-01-23T03:10:00+08:00,42.2
2016-01-23T03:20:00+08:00,42.2666666666667
2016-01-23T03:30:00+08:00,42.4
2016-01-23T03:40:00+08:00,42.433333333333294
2016-01-23T03:50:00+08:00,42.5
2016-01-23T04:00:00+08:00,42.59
2016-01-23T04:10:00+08:00,42.59
2016-01-23T04:20:00+08:00,42.6266666666667
2016-01-23T04:30:00+08:00,42.7
2016-01-23T04:40:00+08:00,42.7
2016-01-23T04:50:00+08:00,42.76
2016-01-23T05:00:00+08:00,42.79
2016-01-23T05:10:00+08:00,42.79
2016-01-23T05:20:00+08:00,42.8266666666667
2016-01-23T05:30:00+08:00,42.9
2016-01-23T05:40:00+08:00,43.0
2016-01-23T05:50:00+08:00,43.05
2016-01-23T06:00:00+08:00,43.2
2016-01-23T06:10:00+08:00,43.2
2016-01-23T06:20:00+08:00,43.2
2016-01-23T06:30:00+08:00,43.2
2016-01-23T06:40:00+08:00,43.2
2016-01-23T06:50:00+08:00,43.26
2016-01-23T07:00:00+08:00,43.26
2016-01-23T07:10:00+08:00,43.2
2016-01-23T07:20:00+08:00,43.26
2016-01-23T07:30:00+08:00,43.3266666666667
2016-01-23T07:40:00+08:00,43.3266666666667
2016-01-23T07:50:00+08:00,43.3266666666667
2016-01-23T08:00:00+08:00,43.3266666666667
2016-01-23T08:10:00+08:00,43.3266666666667
2016-01-23T08:20:00+08:00,43.4
2016-01-23T08:30:00+08:00,43.4
2016-01-23T08:40:00+08:00,43.4
2016-01-23T08:50:00+08:00,43.4
2016-01-23T09:00:00+08:00,43.4
2016-01-23T09:10:00+08:00,43.4
2016-01-23T09:20:00+08:00,43.5
2016-01-23T09:30:00+08:00,43.5
2016-01-23T09:40:00+08:00,43.59
2016-01-23T09:50:00+08:00,43.6633333333333
2016-01-23T10:00:00+08:00,43.7
2016-01-23T10:10:00+08:00,43.7
2016-01-23T10:20:00+08:00,43.7
2016-01-23T10:30:00+08:00,43.7
2016-01-23T10:40:00+08:00,43.6266666666667
2016-01-23T10:50:00+08:00,43.7
2016-01-23T11:00:00+08:00,43.7
2016-01-23T11:10:00+08:00,43.7
2016-01-23T11:20:00+08:00,43.79
2016-01-23T11:30:00+08:00,43.79
2016-01-23T11:40:00+08:00,43.8266666666667
2016-01-23T11:50:00+08:00,43.9
2016-01-23T12:00:00+08:00,43.9
2016-01-23T12:10:00+08:00,43.975
2016-01-23T12:20:00+08:00,44.0
2016-01-23T12:30:00+08:00,44.03
2016-01-23T12:40:00+08:00,44.09
2016-01-23T12:50:00+08:00,44.09
2016-01-23T13:00:00+08:00,44.1633333333333
2016-01-23T13:10:00+08:00,44.29
2016-01-23T13:20:00+08:00,44.363333333333294
2016-01-23T13:30:00+08:00,44.433333333333294
2016-01-23T13:40:00+08:00,44.5
2016-01-23T13:50:00+08:00,44.5
2016-01-23T14:00:00+08:00,44.56
2016-01-23T14:10:00+08:00,44.59
2016-01-23T14:20:00+08:00,44.6633333333333
2016-01-23T14:30:00+08:00,44.7
2016-01-23T14:40:00+08:00,44.76
2016-01-23T14:50:00+08:00,44.79
2016-01-23T15:00:00+08:00,44.79
2016-01-23T15:10:00+08:00,44.8266666666667
2016-01-23T15:20:00+08:00,44.925
2016-01-23T15:30:00+08:00,45.0
2016-01-23T15:40:00+08:00,45.4266666666667
2016-01-23T15:50:00+08:00,45.76
2016-01-23T16:00:00+08:00,45.76
2016-01-23T16:10:00+08:00,45.76
2016-01-23T16:20:00+08:00,45.7
2016-01-23T16:30:00+08:00,45.7
2016-01-23T16:40:00+08:00,45.6633333333333
2016-01-23T16:50:00+08:00,45.59
2016-01-23T17:00:00+08:00,45.5266666666667
2016-01-23T17:10:00+08:00,45.2666666666667
2016-01-23T17:20:00+08:00,45.29
2016-01-23T17:30:00+08:00,45.29
2016-01-23T17:40:00+08:00,45.1633333333333
2016-01-23T17:50:00+08:00,45.09
2016-01-23T18:00:00+08:00,45.36
2016-01-23T18:10:00+08:00,45.6333333333333
2016-01-23T18:20:00+08:00,45.59
2016-01-23T18:30:00+08:00,45.7475
2016-01-23T18:40:00+08:00,46.1333333333333
2016-01-23T18:50:00+08:00,46.29
2016-01-23T19:00:00+08:00,46.23
2016-01-23T19:10:00+08:00,46.29
2016-01-23T19:20:00+08:00,46.43
2016-01-23T19:30:00+08:00,46.6633333333333
2016-01-23T19:40:00+08:00,46.33
2016-01-23T19:50:00+08:00,46.0266666666667
2016-01-23T20:00:00+08:00,45.7666666666667
2016-01-23T20:10:00+08:00,45.43
2016-01-23T20:20:00+08:00,45.23
2016-01-23T20:30:00+08:00,44.863333333333294
2016-01-23T20:40:00+08:00,44.6566666666667
2016-01-23T20:50:00+08:00,44.43
2016-01-23T21:00:00+08:00,44.1566666666667
2016-01-23T21:10:00+08:00,43.863333333333294
2016-01-23T21:20:00+08:00,43.73
2016-01-23T21:30:00+08:00,43.4666666666667
2016-01-23T21:40:00+08:00,43.2675
2016-01-23T21:50:00+08:00,43.03
2016-01-23T22:00:00+08:00,42.863333333333294
2016-01-23T22:10:00+08:00,42.73
2016-01-23T22:20:00+08:00,42.43
2016-01-23T22:30:00+08:00,42.23
2016-01-23T22:40:00+08:00,42.1633333333333
2016-01-23T22:50:00+08:00,42.09
2016-01-23T23:00:00+08:00,42.06
2016-01-23T23:10:00+08:00,42.0
2016-01-23T23:20:00+08:00,41.93
2016-01-23T23:30:00+08:00,41.79
2016-01-23T23:40:00+08:00,41.79
2016-01-23T23:50:00+08:00,41.79
2016-01-24T00:00:00+08:00,41.8266666666667
2016-01-24T00:10:00+08:00,41.8266666666667
2016-01-24T00:20:00+08:00,41.79
2016-01-24T00:30:00+08:00,41.863333333333294
2016-01-24T00:40:00+08:00,41.9
2016-01-24T00:50:00+08:00,41.95
2016-01-24T01:00:00+08:00,41.9
2016-01-24T01:10:00+08:00,42.0
2016-01-24T01:20:00+08:00,42.06
2016-01-24T01:30:00+08:00,42.09
2016-01-24T01:40:00+08:00,42.03
2016-01-24T01:50:00+08:00,42.09
2016-01-24T02:00:00+08:00,42.09
2016-01-24T02:10:00+08:00,42.2
2016-01-24T02:20:00+08:00,42.26
2016-01-24T02:30:00+08:00,42.29
2016-01-24T02:40:00+08:00,42.29
2016-01-24T02:50:00+08:00,42.3266666666667
2016-01-24T03:00:00+08:00,42.4
2016-01-24T03:10:00+08:00,42.4
2016-01-24T03:20:00+08:00,42.3266666666667
2016-01-24T03:30:00+08:00,42.4
2016-01-24T03:40:00+08:00,42.4
2016-01-24T03:50:00+08:00,42.433333333333294
2016-01-24T04:00:00+08:00,42.5675
2016-01-24T04:10:00+08:00,42.6633333333333
2016-01-24T04:20:00+08:00,42.7
2016-01-24T04:30:00+08:00,42.6266666666667
2016-01-24T04:40:00+08:00,42.7
2016-01-24T04:50:00+08:00,42.7
2016-01-24T05:00:00+08:00,42.73
2016-01-24T05:10:00+08:00,42.79
2016-01-24T05:20:00+08:00,42.79
2016-01-24T05:30:00+08:00,42.863333333333294
2016-01-24T05:40:00+08:00,42.79
2016-01-24T05:50:00+08:00,42.79
2016-01-24T06:00:00+08:00,42.79
2016-01-24T06:10:00+08:00,42.863333333333294
2016-01-24T06:20:00+08:00,42.8266666666667
2016-01-24T06:30:00+08:00,42.9
2016-01-24T06:40:00+08:00,42.933333333333294
2016-01-24T06:50:00+08:00,43.0
2016-01-24T07:00:00+08:00,43.0
2016-01-24T07:10:00+08:00,43.0
2016-01-24T07:20:00+08:00,43.06
2016-01-24T07:30:00+08:00,43.0
2016-01-24T07:40:00+08:00,43.0
2016-01-24T07:50:00+08:00,43.19333333333329
2016-01-24T08:00:00+08:00,43.4666666666667
2016-01-24T08:10:00+08:00,43.6266666666667
2016-01-24T08:20:00+08:00,43.76
2016-01-24T08:30:00+08:00,44.16666666666671
2016-01-24T08:40:00+08:00,44.69333333333329
2016-01-24T08:50:00+08:00,45.49
2016-01-24T09:00:00+08:00,46.6966666666667
2016-01-24T09:10:00+08:00,46.6633333333333
2016-01-24T09:20:00+08:00,46.53
2016-01-24T09:30:00+08:00,46.09666666666671
2016-01-24T09:40:00+08:00,46.29
2016-01-24T09:50:00+08:00,46.26
2016-01-24T10:00:00+08:00,46.1266666666667
2016-01-24T10:10:00+08:00,46.0
2016-01-24T10:20:00+08:00,45.745
2016-01-24T10:30:00+08:00,45.2666666666667
2016-01-24T10:40:00+08:00,45.0
2016-01-24T10:50:00+08:00,45.0
2016-01-24T11:00:00+08:00,44.83333333333329
2016-01-24T11:10:00+08:00,44.5666666666667
2016-01-24T11:20:00+08:00,44.723333333333294
2016-01-24T11:30:00+08:00,44.6633333333333
2016-01-24T11:40:00+08:00,44.8266666666667
2016-01-24T11:50:00+08:00,44.9666666666667
2016-01-24T12:00:00+08:00,44.863333333333294
2016-01-24T12:10:00+08:00,44.79
2016-01-24T12:20:00+08:00,44.723333333333294
2016-01-24T12:30:00+08:00,44.53
2016-01-24T12:40:00+08:00,44.26
2016-01-24T12:50:00+08:00,44.26
2016-01-24T13:00:00+08:00,45.5666666666667
2016-01-24T13:10:00+08:00,48.9666666666667
2016-01-24T13:20:00+08:00,47.9933333333333
2016-01-24T13:30:00+08:00,47.4
2016-01-24T13:40:00+08:00,46.395
2016-01-24T13:50:00+08:00,45.93
2016-01-24T14:00:00+08:00,45.73
2016-01-24T14:10:00+08:00,45.433333333333294
2016-01-24T14:20:00+08:00,45.433333333333294
2016-01-24T14:30:00+08:00,45.223333333333294
2016-01-24T14:40:00+08:00,45.1633333333333
2016-01-24T14:50:00+08:00,45.1633333333333
2016-01-24T15:00:00+08:00,45.09
2016-01-24T15:10:00+08:00,45.223333333333294
2016-01-24T15:20:00+08:00,45.03
2016-01-24T15:30:00+08:00,45.0666666666667
2016-01-24T15:40:00+08:00,45.1266666666667
2016-01-24T15:50:00+08:00,45.1333333333333
2016-01-24T16:00:00+08:00,45.06
2016-01-24T16:10:00+08:00,44.963333333333296
2016-01-24T16:20:00+08:00,45.03
2016-01-24T16:30:00+08:00,45.03
2016-01-24T16:40:00+08:00,45.03
2016-01-24T16:50:00+08:00,45.03
2016-01-24T17:00:00+08:00,45.1175
2016-01-24T17:10:00+08:00,45.1266666666667
2016-01-24T17:20:00+08:00,45.33333333333329
2016-01-24T17:30:00+08:00,44.5266666666667
2016-01-24T17:40:00+08:00,44.1333333333333
2016-01-24T17:50:00+08:00,43.86
2016-01-24T18:00:00+08:00,43.7
2016-01-24T18:10:00+08:00,43.7
2016-01-24T18:20:00+08:00,43.56
2016-01-24T18:30:00+08:00,43.433333333333294
2016-01-24T18:40:00+08:00,43.29
2016-01-24T18:50:00+08:00,43.23
2016-01-24T19:00:00+08:00,43.2
2016-01-24T19:10:00+08:00,43.26
2016-01-24T19:20:00+08:00,43.1633333333333
2016-01-24T19:30:00+08:00,43.03
2016-01-24T19:40:00+08:00,42.76
2016-01-24T19:50:00+08:00,42.5666666666667
2016-01-24T20:00:00+08:00,42.363333333333294
2016-01-24T20:10:00+08:00,42.195
2016-01-24T20:20:00+08:00,42.03
2016-01-24T20:30:00+08:00,41.9
2016-01-24T20:40:00+08:00,41.9
2016-01-24T20:50:00+08:00,41.9
2016-01-24T21:00:00+08:00,41.9
2016-01-24T21:10:00+08:00,41.79
2016-01-24T21:20:00+08:00,41.79
2016-01-24T21:30:00+08:00,41.8266666666667
2016-01-24T21:40:00+08:00,41.9
2016-01-24T21:50:00+08:00,41.863333333333294
2016-01-24T22:00:00+08:00,41.79
2016-01-24T22:10:00+08:00,41.79
2016-01-24T22:20:00+08:00,41.79
2016-01-24T22:30:00+08:00,41.73
2016-01-24T22:40:00+08:00,41.73
2016-01-24T22:50:00+08:00,41.8266666666667
2016-01-24T23:00:00+08:00,42.1
2016-01-24T23:10:00+08:00,42.26
2016-01-24T23:20:00+08:00,42.26
2016-01-24T23:30:00+08:00,42.29
2016-01-24T23:40:00+08:00,42.3266666666667
2016-01-24T23:50:00+08:00,42.4
2016-01-25T00:00:00+08:00,42.363333333333294
2016-01-25T00:10:00+08:00,42.29
2016-01-25T00:20:00+08:00,42.29
2016-01-25T00:30:00+08:00,42.363333333333294
2016-01-25T00:40:00+08:00,42.4
2016-01-25T00:50:00+08:00,42.4
2016-01-25T01:00:00+08:00,42.4
2016-01-25T01:10:00+08:00,42.4
2016-01-25T01:20:00+08:00,42.4
2016-01-25T01:30:00+08:00,42.4666666666667
2016-01-25T01:40:00+08:00,42.4666666666667
2016-01-25T01:50:00+08:00,42.4
2016-01-25T02:00:00+08:00,42.4
2016-01-25T02:10:00+08:00,42.4
2016-01-25T02:20:00+08:00,42.5
2016-01-25T02:30:00+08:00,42.5
2016-01-25T02:40:00+08:00,42.5
2016-01-25T02:50:00+08:00,42.5
2016-01-25T03:00:00+08:00,42.5
2016-01-25T03:10:00+08:00,42.53
2016-01-25T03:20:00+08:00,42.59
2016-01-25T03:30:00+08:00,42.59
2016-01-25T03:40:00+08:00,42.6633333333333
2016-01-25T03:50:00+08:00,42.6633333333333
2016-01-25T04:00:00+08:00,42.59
2016-01-25T04:10:00+08:00,42.7
2016-01-25T04:20:00+08:00,42.7
2016-01-25T04:30:00+08:00,42.7
2016-01-25T04:40:00+08:00,42.7
2016-01-25T04:50:00+08:00,42.79
2016-01-25T05:00:00+08:00,42.79
2016-01-25T05:10:00+08:00,42.79
2016-01-25T05:20:00+08:00,42.79
2016-01-25T05:30:00+08:00,42.79
2016-01-25T05:40:00+08:00,42.79
2016-01-25T05:50:00+08:00,42.8266666666667
2016-01-25T06:00:00+08:00,42.9
2016-01-25T06:10:00+08:00,43.145
2016-01-25T06:20:00+08:00,43.3266666666667
2016-01-25T06:30:00+08:00,43.4666666666667
2016-01-25T06:40:00+08:00,43.53
2016-01-25T06:50:00+08:00,43.59
2016-01-25T07:00:00+08:00,43.6266666666667
2016-01-25T07:10:00+08:00,43.7
2016-01-25T07:20:00+08:00,43.7
2016-01-25T07:30:00+08:00,43.7
2016-01-25T07:40:00+08:00,43.7
2016-01-25T07:50:00+08:00,43.7
2016-01-25T08:00:00+08:00,43.7
2016-01-25T08:10:00+08:00,43.76
2016-01-25T08:20:00+08:00,43.79
2016-01-25T08:30:00+08:00,43.79
2016-01-25T08:40:00+08:00,43.9
2016-01-25T08:50:00+08:00,43.9
2016-01-25T09:00:00+08:00,43.9
2016-01-25T09:10:00+08:00,43.9
2016-01-25T09:20:00+08:00,43.9
2016-01-25T09:30:00+08:00,43.9
2016-01-25T09:40:00+08:00,43.9666666666667
2016-01-25T09:50:00+08:00,44.0
2016-01-25T10:00:00+08:00,44.0
2016-01-25T10:10:00+08:00,44.0
2016-01-25T10:20:00+08:00,44.06
2016-01-25T10:30:00+08:00,44.09
2016-01-25T10:40:00+08:00,44.1633333333333
2016-01-25T10:50:00+08:00,44.2
2016-01-25T11:00:00+08:00,44.33333333333329
2016-01-25T11:10:00+08:00,44.26
2016-01-25T11:20:00+08:00,44.2
2016-01-25T11:30:00+08:00,44.1633333333333
2016-01-25T11:40:00+08:00,44.09
2016-01-25T11:50:00+08:00,44.0
2016-01-25T12:00:00+08:00,44.0
2016-01-25T12:10:00+08:00,43.9
2016-01-25T12:20:00+08:00,43.9
2016-01-25T12:30:00+08:00,43.79
2016-01-25T12:40:00+08:00,43.76
2016-01-25T12:50:00+08:00,43.7
2016-01-25T13:00:00+08:00,43.6633333333333
2016-01-25T13:10:00+08:00,43.59
2016-01-25T13:20:00+08:00,43.59
2016-01-25T13:30:00+08:00,43.59
2016-01-25T13:40:00+08:00,43.59
2016-01-25T13:50:00+08:00,43.53
2016-01-25T14:00:00+08:00,43.5
2016-01-25T14:10:00+08:00,43.433333333333294