Time,root.PAMAP2.d0.s3(DOUBLE)
1970-01-01T09:02:40.500+08:00,30.5
1970-01-01T09:02:40.510+08:00,30.5
1970-01-01T09:02:40.520+08:00,30.5
1970-01-01T09:02:40.530+08:00,30.5
1970-01-01T09:02:40.540+08:00,30.5
1970-01-01T09:02:40.550+08:00,30.5
1970-01-01T09:02:40.560+08:00,30.5
1970-01-01T09:02:40.570+08:00,30.5
1970-01-01T09:02:40.580+08:00,30.5
1970-01-01T09:02:40.590+08:00,30.5
1970-01-01T09:02:40.600+08:00,30.5
1970-01-01T09:02:40.610+08:00,30.5
1970-01-01T09:02:40.620+08:00,30.5
1970-01-01T09:02:40.630+08:00,30.5
1970-01-01T09:02:40.640+08:00,30.5
1970-01-01T09:02:40.650+08:00,30.5
1970-01-01T09:02:40.660+08:00,30.5
1970-01-01T09:02:40.670+08:00,30.5
1970-01-01T09:02:40.680+08:00,30.5
1970-01-01T09:02:40.690+08:00,30.5
1970-01-01T09:02:40.700+08:00,30.5
1970-01-01T09:02:40.710+08:00,30.5
1970-01-01T09:02:40.720+08:00,30.5
1970-01-01T09:02:40.730+08:00,30.4375
1970-01-01T09:02:40.740+08:00,30.4375
1970-01-01T09:02:40.750+08:00,30.4375
1970-01-01T09:02:40.760+08:00,30.4375
1970-01-01T09:02:40.770+08:00,30.4375
1970-01-01T09:02:40.780+08:00,30.4375
1970-01-01T09:02:40.790+08:00,30.4375
1970-01-01T09:02:40.800+08:00,30.4375
1970-01-01T09:02:40.810+08:00,30.4375
1970-01-01T09:02:40.820+08:00,30.4375
1970-01-01T09:02:40.830+08:00,30.4375
1970-01-01T09:02:40.840+08:00,30.4375
1970-01-01T09:02:40.850+08:00,30.4375
1970-01-01T09:02:40.860+08:00,30.4375
1970-01-01T09:02:40.870+08:00,30.4375
1970-01-01T09:02:40.880+08:00,30.4375
1970-01-01T09:02:40.890+08:00,30.4375
1970-01-01T09:02:40.900+08:00,30.4375
1970-01-01T09:02:40.910+08:00,30.4375
1970-01-01T09:02:40.920+08:00,30.4375
1970-01-01T09:02:40.930+08:00,30.4375
1970-01-01T09:02:40.940+08:00,30.4375
1970-01-01T09:02:40.950+08:00,30.4375
1970-01-01T09:02:40.960+08:00,30.4375
1970-01-01T09:02:40.970+08:00,30.4375
1970-01-01T09:02:40.980+08:00,30.4375
1970-01-01T09:02:40.990+08:00,30.4375
1970-01-01T09:02:41.000+08:00,30.4375
1970-01-01T09:02:41.010+08:00,30.4375
1970-01-01T09:02:41.020+08:00,30.4375
1970-01-01T09:02:41.030+08:00,30.4375
1970-01-01T09:02:41.040+08:00,30.4375
1970-01-01T09:02:41.050+08:00,30.4375
1970-01-01T09:02:41.060+08:00,30.4375
1970-01-01T09:02:41.070+08:00,30.4375
1970-01-01T09:02:41.080+08:00,30.4375
1970-01-01T09:02:41.090+08:00,30.4375
1970-01-01T09:02:41.100+08:00,30.4375
1970-01-01T09:02:41.110+08:00,30.4375
1970-01-01T09:02:41.120+08:00,30.4375
1970-01-01T09:02:41.130+08:00,30.4375
1970-01-01T09:02:41.140+08:00,30.4375
1970-01-01T09:02:41.150+08:00,30.4375
1970-01-01T09:02:41.160+08:00,30.4375
1970-01-01T09:02:41.170+08:00,30.4375
1970-01-01T09:02:41.180+08:00,30.4375
1970-01-01T09:02:41.190+08:00,30.4375
1970-01-01T09:02:41.200+08:00,30.4375
1970-01-01T09:02:41.210+08:00,30.4375
1970-01-01T09:02:41.220+08:00,30.4375
1970-01-01T09:02:41.230+08:00,30.4375
1970-01-01T09:02:41.240+08:00,30.4375
1970-01-01T09:02:41.250+08:00,30.4375
1970-01-01T09:02:41.260+08:00,30.4375
1970-01-01T09:02:41.270+08:00,30.4375
1970-01-01T09:02:41.280+08:00,30.4375
1970-01-01T09:02:41.290+08:00,30.4375
1970-01-01T09:02:41.300+08:00,30.4375
1970-01-01T09:02:41.310+08:00,30.4375
1970-01-01T09:02:41.320+08:00,30.4375
1970-01-01T09:02:41.330+08:00,30.4375
1970-01-01T09:02:41.340+08:00,30.4375
1970-01-01T09:02:41.350+08:00,30.4375
1970-01-01T09:02:41.360+08:00,30.4375
1970-01-01T09:02:41.370+08:00,30.4375
1970-01-01T09:02:41.380+08:00,30.4375
1970-01-01T09:02:41.390+08:00,30.4375
1970-01-01T09:02:41.400+08:00,30.4375
1970-01-01T09:02:41.410+08:00,30.4375
1970-01-01T09:02:41.420+08:00,30.4375
1970-01-01T09:02:41.430+08:00,30.4375
1970-01-01T09:02:41.440+08:00,30.4375
1970-01-01T09:02:41.450+08:00,30.4375
1970-01-01T09:02:41.460+08:00,30.4375
1970-01-01T09:02:41.470+08:00,30.4375
1970-01-01T09:02:41.480+08:00,30.4375
1970-01-01T09:02:41.490+08:00,30.4375
1970-01-01T09:02:41.500+08:00,30.4375
1970-01-01T09:02:41.510+08:00,30.4375
1970-01-01T09:02:41.520+08:00,30.4375
1970-01-01T09:02:41.530+08:00,30.4375
1970-01-01T09:02:41.540+08:00,30.4375
1970-01-01T09:02:41.550+08:00,30.4375
1970-01-01T09:02:41.560+08:00,30.4375
1970-01-01T09:02:41.570+08:00,30.4375
1970-01-01T09:02:41.580+08:00,30.4375
1970-01-01T09:02:41.590+08:00,30.4375
1970-01-01T09:02:41.600+08:00,30.4375
1970-01-01T09:02:41.610+08:00,30.4375
1970-01-01T09:02:41.620+08:00,30.4375
1970-01-01T09:02:41.630+08:00,30.4375
1970-01-01T09:02:41.640+08:00,30.4375
1970-01-01T09:02:41.650+08:00,30.4375
1970-01-01T09:02:41.660+08:00,30.4375
1970-01-01T09:02:41.670+08:00,30.4375
1970-01-01T09:02:41.680+08:00,30.4375
1970-01-01T09:02:41.690+08:00,30.4375
1970-01-01T09:02:41.700+08:00,30.4375
1970-01-01T09:02:41.710+08:00,30.4375
1970-01-01T09:02:41.720+08:00,30.4375
1970-01-01T09:02:41.730+08:00,30.4375
1970-01-01T09:02:41.740+08:00,30.4375
1970-01-01T09:02:41.750+08:00,30.4375
1970-01-01T09:02:41.760+08:00,30.4375
1970-01-01T09:02:41.770+08:00,30.4375
1970-01-01T09:02:41.780+08:00,30.4375
1970-01-01T09:02:41.790+08:00,30.4375
1970-01-01T09:02:41.800+08:00,30.4375
1970-01-01T09:02:41.810+08:00,30.4375
1970-01-01T09:02:41.820+08:00,30.4375
1970-01-01T09:02:41.830+08:00,30.4375
1970-01-01T09:02:41.840+08:00,30.4375
1970-01-01T09:02:41.850+08:00,30.4375
1970-01-01T09:02:41.860+08:00,30.4375
1970-01-01T09:02:41.870+08:00,30.4375
1970-01-01T09:02:41.880+08:00,30.4375
1970-01-01T09:02:41.890+08:00,30.5
1970-01-01T09:02:41.900+08:00,30.5
1970-01-01T09:02:41.910+08:00,30.5
1970-01-01T09:02:41.920+08:00,30.5
1970-01-01T09:02:41.930+08:00,30.5
1970-01-01T09:02:41.940+08:00,30.5
1970-01-01T09:02:41.950+08:00,30.5
1970-01-01T09:02:41.960+08:00,30.5
1970-01-01T09:02:41.970+08:00,30.5
1970-01-01T09:02:41.980+08:00,30.5
1970-01-01T09:02:41.990+08:00,30.5
1970-01-01T09:02:42.000+08:00,30.5
1970-01-01T09:02:42.010+08:00,30.5
1970-01-01T09:02:42.020+08:00,30.5
1970-01-01T09:02:42.030+08:00,30.5
1970-01-01T09:02:42.040+08:00,30.5
1970-01-01T09:02:42.050+08:00,30.5
1970-01-01T09:02:42.060+08:00,30.5
1970-01-01T09:02:42.070+08:00,30.5
1970-01-01T09:02:42.080+08:00,30.5
1970-01-01T09:02:42.090+08:00,30.5
1970-01-01T09:02:42.100+08:00,30.5
1970-01-01T09:02:42.110+08:00,30.5
1970-01-01T09:02:42.120+08:00,30.5
1970-01-01T09:02:42.130+08:00,30.5
1970-01-01T09:02:42.140+08:00,30.5
1970-01-01T09:02:42.150+08:00,30.5
1970-01-01T09:02:42.160+08:00,30.5
1970-01-01T09:02:42.170+08:00,30.5
1970-01-01T09:02:42.180+08:00,30.5
1970-01-01T09:02:42.190+08:00,30.5
1970-01-01T09:02:42.200+08:00,30.5
1970-01-01T09:02:42.210+08:00,30.5
1970-01-01T09:02:42.220+08:00,30.5
1970-01-01T09:02:42.230+08:00,30.5
1970-01-01T09:02:42.240+08:00,30.5
1970-01-01T09:02:42.250+08:00,30.5
1970-01-01T09:02:42.260+08:00,30.5
1970-01-01T09:02:42.270+08:00,30.5
1970-01-01T09:02:42.280+08:00,30.5
1970-01-01T09:02:42.290+08:00,30.5
1970-01-01T09:02:42.300+08:00,30.5
1970-01-01T09:02:42.310+08:00,30.5
1970-01-01T09:02:42.320+08:00,30.5
1970-01-01T09:02:42.330+08:00,30.5
1970-01-01T09:02:42.340+08:00,30.5
1970-01-01T09:02:42.350+08:00,30.5
1970-01-01T09:02:42.360+08:00,30.5
1970-01-01T09:02:42.370+08:00,30.5
1970-01-01T09:02:42.380+08:00,30.5
1970-01-01T09:02:42.390+08:00,30.5
1970-01-01T09:02:42.400+08:00,30.5
1970-01-01T09:02:42.410+08:00,30.5
1970-01-01T09:02:42.420+08:00,30.5
1970-01-01T09:02:42.430+08:00,30.5
1970-01-01T09:02:42.440+08:00,30.5
1970-01-01T09:02:42.450+08:00,30.5
1970-01-01T09:02:42.460+08:00,30.5
1970-01-01T09:02:42.470+08:00,30.5
1970-01-01T09:02:42.480+08:00,30.5
1970-01-01T09:02:42.490+08:00,30.5
1970-01-01T09:02:42.500+08:00,30.5
1970-01-01T09:02:42.510+08:00,30.5
1970-01-01T09:02:42.520+08:00,30.5
1970-01-01T09:02:42.530+08:00,30.5
1970-01-01T09:02:42.540+08:00,30.5
1970-01-01T09:02:42.550+08:00,30.5
1970-01-01T09:02:42.560+08:00,30.5
1970-01-01T09:02:42.570+08:00,30.5
1970-01-01T09:02:42.580+08:00,30.5
1970-01-01T09:02:42.590+08:00,30.5
1970-01-01T09:02:42.600+08:00,30.5
1970-01-01T09:02:42.610+08:00,30.5
1970-01-01T09:02:42.620+08:00,30.5
1970-01-01T09:02:42.630+08:00,30.5
1970-01-01T09:02:42.640+08:00,30.5
1970-01-01T09:02:42.650+08:00,30.5
1970-01-01T09:02:42.660+08:00,30.5
1970-01-01T09:02:42.670+08:00,30.5
1970-01-01T09:02:42.680+08:00,30.5
1970-01-01T09:02:42.690+08:00,30.5
1970-01-01T09:02:42.700+08:00,30.5
1970-01-01T09:02:42.710+08:00,30.5
1970-01-01T09:02:42.720+08:00,30.5
1970-01-01T09:02:42.730+08:00,30.5
1970-01-01T09:02:42.740+08:00,30.5
1970-01-01T09:02:42.750+08:00,30.5
1970-01-01T09:02:42.760+08:00,30.5
1970-01-01T09:02:42.770+08:00,30.5
1970-01-01T09:02:42.780+08:00,30.5
1970-01-01T09:02:42.790+08:00,30.5
1970-01-01T09:02:42.800+08:00,30.5
1970-01-01T09:02:42.810+08:00,30.5
1970-01-01T09:02:42.820+08:00,30.5
1970-01-01T09:02:42.830+08:00,30.5
1970-01-01T09:02:42.840+08:00,30.5
1970-01-01T09:02:42.850+08:00,30.5
1970-01-01T09:02:42.860+08:00,30.5
1970-01-01T09:02:42.870+08:00,30.5
1970-01-01T09:02:42.880+08:00,30.5
1970-01-01T09:02:42.890+08:00,30.5
1970-01-01T09:02:42.900+08:00,30.5
1970-01-01T09:02:42.910+08:00,30.5
1970-01-01T09:02:42.920+08:00,30.5
1970-01-01T09:02:42.930+08:00,30.5
1970-01-01T09:02:42.940+08:00,30.5
1970-01-01T09:02:42.950+08:00,30.5
1970-01-01T09:02:42.960+08:00,30.5
1970-01-01T09:02:42.970+08:00,30.5
1970-01-01T09:02:42.980+08:00,30.5
1970-01-01T09:02:42.990+08:00,30.5
1970-01-01T09:02:43.000+08:00,30.5
1970-01-01T09:02:43.010+08:00,30.5
1970-01-01T09:02:43.020+08:00,30.5
1970-01-01T09:02:43.030+08:00,30.5
1970-01-01T09:02:43.040+08:00,30.5
1970-01-01T09:02:43.050+08:00,30.5
1970-01-01T09:02:43.060+08:00,30.5
1970-01-01T09:02:43.070+08:00,30.5
1970-01-01T09:02:43.080+08:00,30.5
1970-01-01T09:02:43.090+08:00,30.5
1970-01-01T09:02:43.100+08:00,30.5
1970-01-01T09:02:43.110+08:00,30.5
1970-01-01T09:02:43.120+08:00,30.5
1970-01-01T09:02:43.130+08:00,30.5
1970-01-01T09:02:43.140+08:00,30.5
1970-01-01T09:02:43.150+08:00,30.5
1970-01-01T09:02:43.160+08:00,30.5
1970-01-01T09:02:43.170+08:00,30.5
1970-01-01T09:02:43.180+08:00,30.5
1970-01-01T09:02:43.190+08:00,30.5
1970-01-01T09:02:43.200+08:00,30.5
1970-01-01T09:02:43.210+08:00,30.5
1970-01-01T09:02:43.220+08:00,30.5
1970-01-01T09:02:43.230+08:00,30.5
1970-01-01T09:02:43.240+08:00,30.5
1970-01-01T09:02:43.250+08:00,30.5
1970-01-01T09:02:43.260+08:00,30.5
1970-01-01T09:02:43.270+08:00,30.5
1970-01-01T09:02:43.280+08:00,30.5
1970-01-01T09:02:43.290+08:00,30.5
1970-01-01T09:02:43.300+08:00,30.5
1970-01-01T09:02:43.310+08:00,30.5
1970-01-01T09:02:43.320+08:00,30.5
1970-01-01T09:02:43.330+08:00,30.5
1970-01-01T09:02:43.340+08:00,30.5
1970-01-01T09:02:43.350+08:00,30.5
1970-01-01T09:02:43.360+08:00,30.5
1970-01-01T09:02:43.370+08:00,30.5
1970-01-01T09:02:43.380+08:00,30.5
1970-01-01T09:02:43.390+08:00,30.5
1970-01-01T09:02:43.400+08:00,30.5
1970-01-01T09:02:43.410+08:00,30.5
1970-01-01T09:02:43.420+08:00,30.5
1970-01-01T09:02:43.430+08:00,30.5
1970-01-01T09:02:43.440+08:00,30.5
1970-01-01T09:02:43.450+08:00,30.5
1970-01-01T09:02:43.460+08:00,30.5
1970-01-01T09:02:43.470+08:00,30.5
1970-01-01T09:02:43.480+08:00,30.5
1970-01-01T09:02:43.490+08:00,30.5
1970-01-01T09:02:43.500+08:00,30.5
1970-01-01T09:02:43.510+08:00,30.5
1970-01-01T09:02:43.520+08:00,30.5
1970-01-01T09:02:43.530+08:00,30.5
1970-01-01T09:02:43.540+08:00,30.5
1970-01-01T09:02:43.550+08:00,30.5
1970-01-01T09:02:43.560+08:00,30.5
1970-01-01T09:02:43.570+08:00,30.5
1970-01-01T09:02:43.580+08:00,30.5
1970-01-01T09:02:43.590+08:00,30.5
1970-01-01T09:02:43.600+08:00,30.5
1970-01-01T09:02:43.610+08:00,30.5
1970-01-01T09:02:43.620+08:00,30.5
1970-01-01T09:02:43.630+08:00,30.5
1970-01-01T09:02:43.640+08:00,30.5
1970-01-01T09:02:43.650+08:00,30.5
1970-01-01T09:02:43.660+08:00,30.5
1970-01-01T09:02:43.670+08:00,30.5
1970-01-01T09:02:43.680+08:00,30.5
1970-01-01T09:02:43.690+08:00,30.5
1970-01-01T09:02:43.700+08:00,30.5
1970-01-01T09:02:43.710+08:00,30.5
1970-01-01T09:02:43.720+08:00,30.5
1970-01-01T09:02:43.730+08:00,30.5
1970-01-01T09:02:43.740+08:00,30.5
1970-01-01T09:02:43.750+08:00,30.5
1970-01-01T09:02:43.760+08:00,30.5
1970-01-01T09:02:43.770+08:00,30.5
1970-01-01T09:02:43.780+08:00,30.5
1970-01-01T09:02:43.790+08:00,30.5
1970-01-01T09:02:43.800+08:00,30.5
1970-01-01T09:02:43.810+08:00,30.5
1970-01-01T09:02:43.820+08:00,30.5
1970-01-01T09:02:43.830+08:00,30.5
1970-01-01T09:02:43.840+08:00,30.5
1970-01-01T09:02:43.850+08:00,30.5
1970-01-01T09:02:43.860+08:00,30.5
1970-01-01T09:02:43.870+08:00,30.5
1970-01-01T09:02:43.880+08:00,30.5
1970-01-01T09:02:43.890+08:00,30.5
1970-01-01T09:02:43.900+08:00,30.5
1970-01-01T09:02:43.910+08:00,30.5
1970-01-01T09:02:43.920+08:00,30.5
1970-01-01T09:02:43.930+08:00,30.5
1970-01-01T09:02:43.940+08:00,30.5
1970-01-01T09:02:43.950+08:00,30.5
1970-01-01T09:02:43.960+08:00,30.5
1970-01-01T09:02:43.970+08:00,30.5
1970-01-01T09:02:43.980+08:00,30.5
1970-01-01T09:02:43.990+08:00,30.5
1970-01-01T09:02:44.000+08:00,30.5
1970-01-01T09:02:44.010+08:00,30.5
1970-01-01T09:02:44.020+08:00,30.5
1970-01-01T09:02:44.030+08:00,30.5
1970-01-01T09:02:44.040+08:00,30.5
1970-01-01T09:02:44.050+08:00,30.5
1970-01-01T09:02:44.060+08:00,30.5
1970-01-01T09:02:44.070+08:00,30.5
1970-01-01T09:02:44.080+08:00,30.5
1970-01-01T09:02:44.090+08:00,30.5
1970-01-01T09:02:44.100+08:00,30.5
1970-01-01T09:02:44.110+08:00,30.5
1970-01-01T09:02:44.120+08:00,30.5
1970-01-01T09:02:44.130+08:00,30.5
1970-01-01T09:02:44.140+08:00,30.5
1970-01-01T09:02:44.150+08:00,30.5
1970-01-01T09:02:44.160+08:00,30.5
1970-01-01T09:02:44.170+08:00,30.5
1970-01-01T09:02:44.180+08:00,30.5
1970-01-01T09:02:44.190+08:00,30.5
1970-01-01T09:02:44.200+08:00,30.4375
1970-01-01T09:02:44.210+08:00,30.4375
1970-01-01T09:02:44.220+08:00,30.4375
1970-01-01T09:02:44.230+08:00,30.4375
1970-01-01T09:02:44.240+08:00,30.4375
1970-01-01T09:02:44.250+08:00,30.4375
1970-01-01T09:02:44.260+08:00,30.4375
1970-01-01T09:02:44.270+08:00,30.4375
1970-01-01T09:02:44.280+08:00,30.4375
1970-01-01T09:02:44.290+08:00,30.4375
1970-01-01T09:02:44.300+08:00,30.4375
1970-01-01T09:02:44.310+08:00,30.4375
1970-01-01T09:02:44.320+08:00,30.4375
1970-01-01T09:02:44.330+08:00,30.4375
1970-01-01T09:02:44.340+08:00,30.4375
1970-01-01T09:02:44.350+08:00,30.4375
1970-01-01T09:02:44.360+08:00,30.4375
1970-01-01T09:02:44.370+08:00,30.4375
1970-01-01T09:02:44.380+08:00,30.4375
1970-01-01T09:02:44.390+08:00,30.4375
1970-01-01T09:02:44.400+08:00,30.4375
1970-01-01T09:02:44.410+08:00,30.4375
1970-01-01T09:02:44.420+08:00,30.4375
1970-01-01T09:02:44.430+08:00,30.4375
1970-01-01T09:02:44.440+08:00,30.4375
1970-01-01T09:02:44.450+08:00,30.4375
1970-01-01T09:02:44.460+08:00,30.4375
1970-01-01T09:02:44.470+08:00,30.4375
1970-01-01T09:02:44.480+08:00,30.4375
1970-01-01T09:02:44.490+08:00,30.4375
1970-01-01T09:02:44.500+08:00,30.4375
1970-01-01T09:02:44.510+08:00,30.4375
1970-01-01T09:02:44.520+08:00,30.4375
1970-01-01T09:02:44.530+08:00,30.4375
1970-01-01T09:02:44.540+08:00,30.4375
1970-01-01T09:02:44.550+08:00,30.4375
1970-01-01T09:02:44.560+08:00,30.4375
1970-01-01T09:02:44.570+08:00,30.4375
1970-01-01T09:02:44.580+08:00,30.4375
1970-01-01T09:02:44.590+08:00,30.4375
1970-01-01T09:02:44.600+08:00,30.4375
1970-01-01T09:02:44.610+08:00,30.4375
1970-01-01T09:02:44.620+08:00,30.4375
1970-01-01T09:02:44.630+08:00,30.4375
1970-01-01T09:02:44.640+08:00,30.4375
1970-01-01T09:02:44.650+08:00,30.4375
1970-01-01T09:02:44.660+08:00,30.4375
1970-01-01T09:02:44.670+08:00,30.4375
1970-01-01T09:02:44.680+08:00,30.4375
1970-01-01T09:02:44.690+08:00,30.4375
1970-01-01T09:02:44.700+08:00,30.4375
1970-01-01T09:02:44.710+08:00,30.4375
1970-01-01T09:02:44.720+08:00,30.4375
1970-01-01T09:02:44.730+08:00,30.4375
1970-01-01T09:02:44.740+08:00,30.4375
1970-01-01T09:02:44.750+08:00,30.4375
1970-01-01T09:02:44.760+08:00,30.4375
1970-01-01T09:02:44.770+08:00,30.4375
1970-01-01T09:02:44.780+08:00,30.5
1970-01-01T09:02:44.790+08:00,30.5
1970-01-01T09:02:44.800+08:00,30.5
1970-01-01T09:02:44.810+08:00,30.5
1970-01-01T09:02:44.820+08:00,30.5
1970-01-01T09:02:44.830+08:00,30.5
1970-01-01T09:02:44.840+08:00,30.5
1970-01-01T09:02:44.850+08:00,30.5
1970-01-01T09:02:44.860+08:00,30.5
1970-01-01T09:02:44.870+08:00,30.5
1970-01-01T09:02:44.880+08:00,30.5
1970-01-01T09:02:44.890+08:00,30.5
1970-01-01T09:02:44.900+08:00,30.5
1970-01-01T09:02:44.910+08:00,30.5
1970-01-01T09:02:44.920+08:00,30.5
1970-01-01T09:02:44.930+08:00,30.5
1970-01-01T09:02:44.940+08:00,30.5
1970-01-01T09:02:44.950+08:00,30.5
1970-01-01T09:02:44.960+08:00,30.5
1970-01-01T09:02:44.970+08:00,30.5
1970-01-01T09:02:44.980+08:00,30.5
1970-01-01T09:02:44.990+08:00,30.5
1970-01-01T09:02:45.000+08:00,30.5
1970-01-01T09:02:45.010+08:00,30.5
1970-01-01T09:02:45.020+08:00,30.5
1970-01-01T09:02:45.030+08:00,30.5
1970-01-01T09:02:45.040+08:00,30.5
1970-01-01T09:02:45.050+08:00,30.5
1970-01-01T09:02:45.060+08:00,30.5
1970-01-01T09:02:45.070+08:00,30.5
1970-01-01T09:02:45.080+08:00,30.5
1970-01-01T09:02:45.090+08:00,30.5
1970-01-01T09:02:45.100+08:00,30.5
1970-01-01T09:02:45.110+08:00,30.5
1970-01-01T09:02:45.120+08:00,30.5
1970-01-01T09:02:45.130+08:00,30.5
1970-01-01T09:02:45.140+08:00,30.5
1970-01-01T09:02:45.150+08:00,30.5
1970-01-01T09:02:45.160+08:00,30.5
1970-01-01T09:02:45.170+08:00,30.5
1970-01-01T09:02:45.180+08:00,30.5
1970-01-01T09:02:45.190+08:00,30.5
1970-01-01T09:02:45.200+08:00,30.5
1970-01-01T09:02:45.210+08:00,30.5
1970-01-01T09:02:45.220+08:00,30.5
1970-01-01T09:02:45.230+08:00,30.5
1970-01-01T09:02:45.240+08:00,30.5
1970-01-01T09:02:45.250+08:00,30.5
1970-01-01T09:02:45.260+08:00,30.5
1970-01-01T09:02:45.270+08:00,30.5
1970-01-01T09:02:45.280+08:00,30.5
1970-01-01T09:02:45.290+08:00,30.5
1970-01-01T09:02:45.300+08:00,30.5
1970-01-01T09:02:45.310+08:00,30.5
1970-01-01T09:02:45.320+08:00,30.5
1970-01-01T09:02:45.330+08:00,30.5
1970-01-01T09:02:45.340+08:00,30.5
1970-01-01T09:02:45.350+08:00,30.5
1970-01-01T09:02:45.360+08:00,30.5
1970-01-01T09:02:45.370+08:00,30.5
1970-01-01T09:02:45.380+08:00,30.5
1970-01-01T09:02:45.390+08:00,30.5
1970-01-01T09:02:45.400+08:00,30.5
1970-01-01T09:02:45.410+08:00,30.5
1970-01-01T09:02:45.420+08:00,30.5
1970-01-01T09:02:45.430+08:00,30.5
1970-01-01T09:02:45.440+08:00,30.5
1970-01-01T09:02:45.450+08:00,30.5
1970-01-01T09:02:45.460+08:00,30.5
1970-01-01T09:02:45.470+08:00,30.5
1970-01-01T09:02:45.480+08:00,30.5
1970-01-01T09:02:45.490+08:00,30.5
1970-01-01T09:02:45.500+08:00,30.5
1970-01-01T09:02:45.510+08:00,30.5
1970-01-01T09:02:45.520+08:00,30.5
1970-01-01T09:02:45.530+08:00,30.5
1970-01-01T09:02:45.540+08:00,30.5
1970-01-01T09:02:45.550+08:00,30.5
1970-01-01T09:02:45.560+08:00,30.5
1970-01-01T09:02:45.570+08:00,30.5
1970-01-01T09:02:45.580+08:00,30.5
1970-01-01T09:02:45.590+08:00,30.5
1970-01-01T09:02:45.600+08:00,30.5
1970-01-01T09:02:45.610+08:00,30.5
1970-01-01T09:02:45.640+08:00,30.5
1970-01-01T09:02:45.650+08:00,30.5
1970-01-01T09:02:45.660+08:00,30.5
1970-01-01T09:02:45.670+08:00,30.5
1970-01-01T09:02:45.680+08:00,30.5
1970-01-01T09:02:45.690+08:00,30.5
1970-01-01T09:02:45.700+08:00,30.5
1970-01-01T09:02:45.710+08:00,30.5
1970-01-01T09:02:45.720+08:00,30.5
1970-01-01T09:02:45.730+08:00,30.5
1970-01-01T09:02:45.740+08:00,30.5
1970-01-01T09:02:45.750+08:00,30.5
1970-01-01T09:02:45.760+08:00,30.5
1970-01-01T09:02:45.770+08:00,30.5
1970-01-01T09:02:45.780+08:00,30.5
1970-01-01T09:02:45.790+08:00,30.5
1970-01-01T09:02:45.800+08:00,30.5
1970-01-01T09:02:45.810+08:00,30.5
1970-01-01T09:02:45.820+08:00,30.5
1970-01-01T09:02:45.830+08:00,30.5
1970-01-01T09:02:45.840+08:00,30.5
1970-01-01T09:02:45.850+08:00,30.5
1970-01-01T09:02:45.860+08:00,30.5
1970-01-01T09:02:45.870+08:00,30.5
1970-01-01T09:02:45.880+08:00,30.5
1970-01-01T09:02:45.890+08:00,30.5
1970-01-01T09:02:45.900+08:00,30.5
1970-01-01T09:02:45.910+08:00,30.5
1970-01-01T09:02:45.920+08:00,30.5
1970-01-01T09:02:45.930+08:00,30.5
1970-01-01T09:02:45.940+08:00,30.5
1970-01-01T09:02:45.950+08:00,30.5
1970-01-01T09:02:45.960+08:00,30.5
1970-01-01T09:02:45.970+08:00,30.5
1970-01-01T09:02:45.980+08:00,30.5
1970-01-01T09:02:45.990+08:00,30.5
1970-01-01T09:02:46.000+08:00,30.5
1970-01-01T09:02:46.010+08:00,30.5
1970-01-01T09:02:46.020+08:00,30.5
1970-01-01T09:02:46.030+08:00,30.5
1970-01-01T09:02:46.040+08:00,30.5
1970-01-01T09:02:46.050+08:00,30.5
1970-01-01T09:02:46.060+08:00,30.5
1970-01-01T09:02:46.070+08:00,30.5
1970-01-01T09:02:46.080+08:00,30.5
1970-01-01T09:02:46.090+08:00,30.5
1970-01-01T09:02:46.100+08:00,30.5
1970-01-01T09:02:46.110+08:00,30.5
1970-01-01T09:02:46.120+08:00,30.5
1970-01-01T09:02:46.130+08:00,30.5
1970-01-01T09:02:46.140+08:00,30.5
1970-01-01T09:02:46.150+08:00,30.5
1970-01-01T09:02:46.160+08:00,30.5
1970-01-01T09:02:46.170+08:00,30.5
1970-01-01T09:02:46.180+08:00,30.5
1970-01-01T09:02:46.190+08:00,30.5
1970-01-01T09:02:46.200+08:00,30.5
1970-01-01T09:02:46.210+08:00,30.5
1970-01-01T09:02:46.220+08:00,30.5
1970-01-01T09:02:46.230+08:00,30.5
1970-01-01T09:02:46.240+08:00,30.5
1970-01-01T09:02:46.250+08:00,30.5
1970-01-01T09:02:46.260+08:00,30.5
1970-01-01T09:02:46.270+08:00,30.5
1970-01-01T09:02:46.280+08:00,30.5
1970-01-01T09:02:46.290+08:00,30.5
1970-01-01T09:02:46.300+08:00,30.5
1970-01-01T09:02:46.310+08:00,30.5
1970-01-01T09:02:46.320+08:00,30.5
1970-01-01T09:02:46.330+08:00,30.5
1970-01-01T09:02:46.340+08:00,30.5
1970-01-01T09:02:46.350+08:00,30.5
1970-01-01T09:02:46.360+08:00,30.5
1970-01-01T09:02:46.370+08:00,30.5
1970-01-01T09:02:46.380+08:00,30.5
1970-01-01T09:02:46.390+08:00,30.5
1970-01-01T09:02:46.400+08:00,30.5
1970-01-01T09:02:46.410+08:00,30.5
1970-01-01T09:02:46.420+08:00,30.5
1970-01-01T09:02:46.430+08:00,30.5
1970-01-01T09:02:46.440+08:00,30.5
1970-01-01T09:02:46.450+08:00,30.5
1970-01-01T09:02:46.460+08:00,30.5
1970-01-01T09:02:46.470+08:00,30.5
1970-01-01T09:02:46.480+08:00,30.5
1970-01-01T09:02:46.490+08:00,30.5
1970-01-01T09:02:46.500+08:00,30.5
1970-01-01T09:02:46.510+08:00,30.5
1970-01-01T09:02:46.520+08:00,30.5
1970-01-01T09:02:46.530+08:00,30.5
1970-01-01T09:02:46.540+08:00,30.5
1970-01-01T09:02:46.550+08:00,30.5
1970-01-01T09:02:46.560+08:00,30.5
1970-01-01T09:02:46.570+08:00,30.5
1970-01-01T09:02:46.580+08:00,30.5
1970-01-01T09:02:46.590+08:00,30.5
1970-01-01T09:02:46.600+08:00,30.5
1970-01-01T09:02:46.610+08:00,30.5
1970-01-01T09:02:46.620+08:00,30.5
1970-01-01T09:02:46.630+08:00,30.5
1970-01-01T09:02:46.640+08:00,30.5
1970-01-01T09:02:46.650+08:00,30.5
1970-01-01T09:02:46.660+08:00,30.5
1970-01-01T09:02:46.670+08:00,30.5
1970-01-01T09:02:46.680+08:00,30.5
1970-01-01T09:02:46.690+08:00,30.5
1970-01-01T09:02:46.700+08:00,30.5
1970-01-01T09:02:46.710+08:00,30.5
1970-01-01T09:02:46.720+08:00,30.5
1970-01-01T09:02:46.730+08:00,30.5
1970-01-01T09:02:46.740+08:00,30.5
1970-01-01T09:02:46.750+08:00,30.5
1970-01-01T09:02:46.760+08:00,30.5
1970-01-01T09:02:46.770+08:00,30.5
1970-01-01T09:02:46.780+08:00,30.5
1970-01-01T09:02:46.790+08:00,30.5
1970-01-01T09:02:46.800+08:00,30.5
1970-01-01T09:02:46.810+08:00,30.5
1970-01-01T09:02:46.820+08:00,30.5
1970-01-01T09:02:46.830+08:00,30.5
1970-01-01T09:02:46.840+08:00,30.5
1970-01-01T09:02:46.850+08:00,30.5
1970-01-01T09:02:46.860+08:00,30.5
1970-01-01T09:02:46.870+08:00,30.5
1970-01-01T09:02:46.880+08:00,30.5
1970-01-01T09:02:46.890+08:00,30.5
1970-01-01T09:02:46.900+08:00,30.5
1970-01-01T09:02:46.910+08:00,30.5
1970-01-01T09:02:46.920+08:00,30.5
1970-01-01T09:02:46.930+08:00,30.5
1970-01-01T09:02:46.940+08:00,30.5
1970-01-01T09:02:46.950+08:00,30.5
1970-01-01T09:02:46.960+08:00,30.5
1970-01-01T09:02:46.970+08:00,30.5
1970-01-01T09:02:46.980+08:00,30.5
1970-01-01T09:02:46.990+08:00,30.5
1970-01-01T09:02:47.000+08:00,30.5
1970-01-01T09:02:47.010+08:00,30.5
1970-01-01T09:02:47.020+08:00,30.5
1970-01-01T09:02:47.030+08:00,30.5
1970-01-01T09:02:47.040+08:00,30.5
1970-01-01T09:02:47.050+08:00,30.5
1970-01-01T09:02:47.060+08:00,30.5
1970-01-01T09:02:47.070+08:00,30.5
1970-01-01T09:02:47.080+08:00,30.5
1970-01-01T09:02:47.090+08:00,30.5
1970-01-01T09:02:47.100+08:00,30.5
1970-01-01T09:02:47.110+08:00,30.5
1970-01-01T09:02:47.120+08:00,30.5
1970-01-01T09:02:47.130+08:00,30.5
1970-01-01T09:02:47.140+08:00,30.5
1970-01-01T09:02:47.150+08:00,30.5
1970-01-01T09:02:47.160+08:00,30.5
1970-01-01T09:02:47.170+08:00,30.5
1970-01-01T09:02:47.180+08:00,30.5
1970-01-01T09:02:47.190+08:00,30.5
1970-01-01T09:02:47.200+08:00,30.5
1970-01-01T09:02:47.210+08:00,30.5
1970-01-01T09:02:47.220+08:00,30.5
1970-01-01T09:02:47.230+08:00,30.5
1970-01-01T09:02:47.240+08:00,30.5
1970-01-01T09:02:47.250+08:00,30.5
1970-01-01T09:02:47.260+08:00,30.5
1970-01-01T09:02:47.270+08:00,30.5
1970-01-01T09:02:47.280+08:00,30.5
1970-01-01T09:02:47.290+08:00,30.5
1970-01-01T09:02:47.300+08:00,30.5
1970-01-01T09:02:47.310+08:00,30.5
1970-01-01T09:02:47.320+08:00,30.5
1970-01-01T09:02:47.330+08:00,30.5
1970-01-01T09:02:47.340+08:00,30.5
1970-01-01T09:02:47.350+08:00,30.5
1970-01-01T09:02:47.360+08:00,30.5
1970-01-01T09:02:47.370+08:00,30.5
1970-01-01T09:02:47.380+08:00,30.5
1970-01-01T09:02:47.390+08:00,30.5
1970-01-01T09:02:47.400+08:00,30.5
1970-01-01T09:02:47.410+08:00,30.5
1970-01-01T09:02:47.420+08:00,30.5
1970-01-01T09:02:47.430+08:00,30.5
1970-01-01T09:02:47.440+08:00,30.5
1970-01-01T09:02:47.450+08:00,30.5
1970-01-01T09:02:47.460+08:00,30.5
1970-01-01T09:02:47.470+08:00,30.5
1970-01-01T09:02:47.480+08:00,30.5
1970-01-01T09:02:47.490+08:00,30.5
1970-01-01T09:02:47.500+08:00,30.5
1970-01-01T09:02:47.510+08:00,30.5
1970-01-01T09:02:47.520+08:00,30.5
1970-01-01T09:02:47.530+08:00,30.5
1970-01-01T09:02:47.540+08:00,30.5
1970-01-01T09:02:47.550+08:00,30.5
1970-01-01T09:02:47.560+08:00,30.5
1970-01-01T09:02:47.570+08:00,30.5
1970-01-01T09:02:47.580+08:00,30.5
1970-01-01T09:02:47.590+08:00,30.5
1970-01-01T09:02:47.600+08:00,30.5
1970-01-01T09:02:47.610+08:00,30.5
1970-01-01T09:02:47.620+08:00,30.5
1970-01-01T09:02:47.630+08:00,30.5
1970-01-01T09:02:47.640+08:00,30.5
1970-01-01T09:02:47.650+08:00,30.5
1970-01-01T09:02:47.660+08:00,30.5
1970-01-01T09:02:47.670+08:00,30.5
1970-01-01T09:02:47.680+08:00,30.5
1970-01-01T09:02:47.690+08:00,30.5
1970-01-01T09:02:47.700+08:00,30.5
1970-01-01T09:02:47.710+08:00,30.5
1970-01-01T09:02:47.720+08:00,30.5
1970-01-01T09:02:47.730+08:00,30.5
1970-01-01T09:02:47.740+08:00,30.5
1970-01-01T09:02:47.750+08:00,30.5
1970-01-01T09:02:47.760+08:00,30.5
1970-01-01T09:02:47.770+08:00,30.5
1970-01-01T09:02:47.780+08:00,30.5
1970-01-01T09:02:47.790+08:00,30.5
1970-01-01T09:02:47.800+08:00,30.5
1970-01-01T09:02:47.810+08:00,30.5
1970-01-01T09:02:47.820+08:00,30.5
1970-01-01T09:02:47.830+08:00,30.5
1970-01-01T09:02:47.840+08:00,30.5
1970-01-01T09:02:47.850+08:00,30.5
1970-01-01T09:02:47.860+08:00,30.5
1970-01-01T09:02:47.870+08:00,30.5
1970-01-01T09:02:47.880+08:00,30.5
1970-01-01T09:02:47.890+08:00,30.5
1970-01-01T09:02:47.900+08:00,30.5
1970-01-01T09:02:47.910+08:00,30.5
1970-01-01T09:02:47.920+08:00,30.5
1970-01-01T09:02:47.930+08:00,30.5
1970-01-01T09:02:47.940+08:00,30.5
1970-01-01T09:02:47.950+08:00,30.5
1970-01-01T09:02:47.960+08:00,30.5
1970-01-01T09:02:47.970+08:00,30.5
1970-01-01T09:02:47.980+08:00,30.5
1970-01-01T09:02:47.990+08:00,30.5
1970-01-01T09:02:48.000+08:00,30.5
1970-01-01T09:02:48.010+08:00,30.5
1970-01-01T09:02:48.020+08:00,30.5
1970-01-01T09:02:48.030+08:00,30.5
1970-01-01T09:02:48.040+08:00,30.5
1970-01-01T09:02:48.050+08:00,30.5
1970-01-01T09:02:48.060+08:00,30.5
1970-01-01T09:02:48.070+08:00,30.5
1970-01-01T09:02:48.080+08:00,30.5
1970-01-01T09:02:48.090+08:00,30.5
1970-01-01T09:02:48.100+08:00,30.5
1970-01-01T09:02:48.110+08:00,30.5
1970-01-01T09:02:48.120+08:00,30.5
1970-01-01T09:02:48.130+08:00,30.5
1970-01-01T09:02:48.140+08:00,30.5
1970-01-01T09:02:48.150+08:00,30.5
1970-01-01T09:02:48.160+08:00,30.5
1970-01-01T09:02:48.170+08:00,30.5
1970-01-01T09:02:48.180+08:00,30.5
1970-01-01T09:02:48.190+08:00,30.5
1970-01-01T09:02:48.200+08:00,30.5
1970-01-01T09:02:48.210+08:00,30.5
1970-01-01T09:02:48.220+08:00,30.5
1970-01-01T09:02:48.230+08:00,30.5
1970-01-01T09:02:48.240+08:00,30.5
1970-01-01T09:02:48.250+08:00,30.5
1970-01-01T09:02:48.260+08:00,30.5
1970-01-01T09:02:48.270+08:00,30.5
1970-01-01T09:02:48.280+08:00,30.5
1970-01-01T09:02:48.290+08:00,30.5
1970-01-01T09:02:48.300+08:00,30.5
1970-01-01T09:02:48.310+08:00,30.5
1970-01-01T09:02:48.320+08:00,30.5
1970-01-01T09:02:48.330+08:00,30.5
1970-01-01T09:02:48.340+08:00,30.5
1970-01-01T09:02:48.350+08:00,30.5
1970-01-01T09:02:48.360+08:00,30.5
1970-01-01T09:02:48.370+08:00,30.5
1970-01-01T09:02:48.380+08:00,30.5
1970-01-01T09:02:48.390+08:00,30.5
1970-01-01T09:02:48.400+08:00,30.5
1970-01-01T09:02:48.410+08:00,30.5
1970-01-01T09:02:48.420+08:00,30.5
1970-01-01T09:02:48.430+08:00,30.5
1970-01-01T09:02:48.440+08:00,30.5
1970-01-01T09:02:48.450+08:00,30.5
1970-01-01T09:02:48.460+08:00,30.5
1970-01-01T09:02:48.470+08:00,30.5
1970-01-01T09:02:48.480+08:00,30.5
1970-01-01T09:02:48.490+08:00,30.5
1970-01-01T09:02:48.500+08:00,30.5
1970-01-01T09:02:48.510+08:00,30.5
1970-01-01T09:02:48.520+08:00,30.5
1970-01-01T09:02:48.530+08:00,30.5
1970-01-01T09:02:48.540+08:00,30.5
1970-01-01T09:02:48.550+08:00,30.5
1970-01-01T09:02:48.560+08:00,30.5
1970-01-01T09:02:48.570+08:00,30.5
1970-01-01T09:02:48.580+08:00,30.5
1970-01-01T09:02:48.590+08:00,30.5
1970-01-01T09:02:48.600+08:00,30.5
1970-01-01T09:02:48.610+08:00,30.5
1970-01-01T09:02:48.620+08:00,30.5
1970-01-01T09:02:48.630+08:00,30.5
1970-01-01T09:02:48.640+08:00,30.5
1970-01-01T09:02:48.650+08:00,30.5
1970-01-01T09:02:48.660+08:00,30.5
1970-01-01T09:02:48.670+08:00,30.5
1970-01-01T09:02:48.680+08:00,30.5
1970-01-01T09:02:48.690+08:00,30.5
1970-01-01T09:02:48.700+08:00,30.5
1970-01-01T09:02:48.710+08:00,30.5
1970-01-01T09:02:48.720+08:00,30.5
1970-01-01T09:02:48.730+08:00,30.5
1970-01-01T09:02:48.740+08:00,30.5
1970-01-01T09:02:48.750+08:00,30.5
1970-01-01T09:02:48.760+08:00,30.5
1970-01-01T09:02:48.770+08:00,30.5
1970-01-01T09:02:48.780+08:00,30.5
1970-01-01T09:02:48.790+08:00,30.5
1970-01-01T09:02:48.800+08:00,30.5
1970-01-01T09:02:48.810+08:00,30.5
1970-01-01T09:02:48.820+08:00,30.5
1970-01-01T09:02:48.830+08:00,30.5
1970-01-01T09:02:48.840+08:00,30.5
1970-01-01T09:02:48.850+08:00,30.5
1970-01-01T09:02:48.860+08:00,30.5
1970-01-01T09:02:48.870+08:00,30.5
1970-01-01T09:02:48.880+08:00,30.5
1970-01-01T09:02:48.890+08:00,30.5
1970-01-01T09:02:48.900+08:00,30.5
1970-01-01T09:02:48.910+08:00,30.5
1970-01-01T09:02:48.920+08:00,30.5
1970-01-01T09:02:48.930+08:00,30.5
1970-01-01T09:02:48.940+08:00,30.5
1970-01-01T09:02:48.950+08:00,30.5
1970-01-01T09:02:48.960+08:00,30.5
1970-01-01T09:02:48.970+08:00,30.5
1970-01-01T09:02:48.980+08:00,30.5
1970-01-01T09:02:48.990+08:00,30.5
1970-01-01T09:02:49.000+08:00,30.5
1970-01-01T09:02:49.010+08:00,30.5
1970-01-01T09:02:49.020+08:00,30.5
1970-01-01T09:02:49.030+08:00,30.5
1970-01-01T09:02:49.040+08:00,30.5
1970-01-01T09:02:49.050+08:00,30.5
1970-01-01T09:02:49.060+08:00,30.5
1970-01-01T09:02:49.070+08:00,30.5
1970-01-01T09:02:49.080+08:00,30.5
1970-01-01T09:02:49.090+08:00,30.5
1970-01-01T09:02:49.100+08:00,30.5
1970-01-01T09:02:49.110+08:00,30.5
1970-01-01T09:02:49.120+08:00,30.5
1970-01-01T09:02:49.130+08:00,30.5
1970-01-01T09:02:49.140+08:00,30.5
1970-01-01T09:02:49.150+08:00,30.5
1970-01-01T09:02:49.160+08:00,30.5
1970-01-01T09:02:49.170+08:00,30.5
1970-01-01T09:02:49.180+08:00,30.5
1970-01-01T09:02:49.190+08:00,30.5
1970-01-01T09:02:49.200+08:00,30.5
1970-01-01T09:02:49.210+08:00,30.5
1970-01-01T09:02:49.220+08:00,30.5
1970-01-01T09:02:49.230+08:00,30.5
1970-01-01T09:02:49.240+08:00,30.5
1970-01-01T09:02:49.250+08:00,30.5
1970-01-01T09:02:49.260+08:00,30.5
1970-01-01T09:02:49.270+08:00,30.5
1970-01-01T09:02:49.280+08:00,30.5
1970-01-01T09:02:49.290+08:00,30.5
1970-01-01T09:02:49.300+08:00,30.5
1970-01-01T09:02:49.310+08:00,30.5
1970-01-01T09:02:49.320+08:00,30.5
1970-01-01T09:02:49.330+08:00,30.5
1970-01-01T09:02:49.340+08:00,30.5
1970-01-01T09:02:49.350+08:00,30.5
1970-01-01T09:02:49.360+08:00,30.5
1970-01-01T09:02:49.370+08:00,30.5
1970-01-01T09:02:49.380+08:00,30.5
1970-01-01T09:02:49.390+08:00,30.5
1970-01-01T09:02:49.400+08:00,30.5
1970-01-01T09:02:49.410+08:00,30.5
1970-01-01T09:02:49.420+08:00,30.5
1970-01-01T09:02:49.430+08:00,30.5
1970-01-01T09:02:49.440+08:00,30.5
1970-01-01T09:02:49.450+08:00,30.5
1970-01-01T09:02:49.460+08:00,30.5
1970-01-01T09:02:49.470+08:00,30.5
1970-01-01T09:02:49.480+08:00,30.5
1970-01-01T09:02:49.490+08:00,30.5
1970-01-01T09:02:49.500+08:00,30.5
1970-01-01T09:02:49.510+08:00,30.5
1970-01-01T09:02:49.520+08:00,30.5
1970-01-01T09:02:49.530+08:00,30.5
1970-01-01T09:02:49.540+08:00,30.5
1970-01-01T09:02:49.550+08:00,30.5
1970-01-01T09:02:49.560+08:00,30.5
1970-01-01T09:02:49.570+08:00,30.5
1970-01-01T09:02:49.580+08:00,30.5
1970-01-01T09:02:49.590+08:00,30.5
1970-01-01T09:02:49.600+08:00,30.5
1970-01-01T09:02:49.610+08:00,30.5
1970-01-01T09:02:49.620+08:00,30.5
1970-01-01T09:02:49.630+08:00,30.5
1970-01-01T09:02:49.640+08:00,30.5
1970-01-01T09:02:49.650+08:00,30.5
1970-01-01T09:02:49.660+08:00,30.5
1970-01-01T09:02:49.670+08:00,30.5
1970-01-01T09:02:49.680+08:00,30.5
1970-01-01T09:02:49.690+08:00,30.5
1970-01-01T09:02:49.700+08:00,30.5
1970-01-01T09:02:49.710+08:00,30.5
1970-01-01T09:02:49.720+08:00,30.5
1970-01-01T09:02:49.730+08:00,30.5
1970-01-01T09:02:49.740+08:00,30.5
1970-01-01T09:02:49.750+08:00,30.5
1970-01-01T09:02:49.760+08:00,30.5
1970-01-01T09:02:49.770+08:00,30.5
1970-01-01T09:02:49.780+08:00,30.5
1970-01-01T09:02:49.790+08:00,30.5
1970-01-01T09:02:49.800+08:00,30.5
1970-01-01T09:02:49.810+08:00,30.5
1970-01-01T09:02:49.820+08:00,30.5
1970-01-01T09:02:49.830+08:00,30.5
1970-01-01T09:02:49.840+08:00,30.5
1970-01-01T09:02:49.850+08:00,30.5
1970-01-01T09:02:49.860+08:00,30.5
1970-01-01T09:02:49.870+08:00,30.5
1970-01-01T09:02:49.880+08:00,30.5
1970-01-01T09:02:49.890+08:00,30.5
1970-01-01T09:02:49.900+08:00,30.5
1970-01-01T09:02:49.910+08:00,30.5
1970-01-01T09:02:49.920+08:00,30.5
1970-01-01T09:02:49.930+08:00,30.5
1970-01-01T09:02:49.940+08:00,30.5
1970-01-01T09:02:49.950+08:00,30.5
1970-01-01T09:02:49.960+08:00,30.5
1970-01-01T09:02:49.970+08:00,30.5
1970-01-01T09:02:49.980+08:00,30.5
1970-01-01T09:02:49.990+08:00,30.5
1970-01-01T09:02:50.000+08:00,30.5
1970-01-01T09:02:50.010+08:00,30.5
1970-01-01T09:02:50.020+08:00,30.5
1970-01-01T09:02:50.030+08:00,30.5
1970-01-01T09:02:50.040+08:00,30.5
1970-01-01T09:02:50.050+08:00,30.5
1970-01-01T09:02:50.060+08:00,30.5
1970-01-01T09:02:50.070+08:00,30.5
1970-01-01T09:02:50.080+08:00,30.5
1970-01-01T09:02:50.090+08:00,30.5
1970-01-01T09:02:50.100+08:00,30.5
1970-01-01T09:02:50.110+08:00,30.5
1970-01-01T09:02:50.120+08:00,30.5
1970-01-01T09:02:50.130+08:00,30.5
1970-01-01T09:02:50.140+08:00,30.5
1970-01-01T09:02:50.150+08:00,30.5
1970-01-01T09:02:50.160+08:00,30.5
1970-01-01T09:02:50.170+08:00,30.5
1970-01-01T09:02:50.180+08:00,30.5
1970-01-01T09:02:50.190+08:00,30.5
1970-01-01T09:02:50.200+08:00,30.5
1970-01-01T09:02:50.210+08:00,30.5
1970-01-01T09:02:50.220+08:00,30.5
1970-01-01T09:02:50.230+08:00,30.5
1970-01-01T09:02:50.240+08:00,30.5
1970-01-01T09:02:50.250+08:00,30.5
1970-01-01T09:02:50.260+08:00,30.5
1970-01-01T09:02:50.270+08:00,30.5
1970-01-01T09:02:50.280+08:00,30.5
1970-01-01T09:02:50.290+08:00,30.5
1970-01-01T09:02:50.300+08:00,30.5
1970-01-01T09:02:50.310+08:00,30.5
1970-01-01T09:02:50.320+08:00,30.5
1970-01-01T09:02:50.330+08:00,30.5
1970-01-01T09:02:50.340+08:00,30.5
1970-01-01T09:02:50.350+08:00,30.5
1970-01-01T09:02:50.360+08:00,30.5
1970-01-01T09:02:50.370+08:00,30.5
1970-01-01T09:02:50.380+08:00,30.5
1970-01-01T09:02:50.390+08:00,30.5
1970-01-01T09:02:50.400+08:00,30.5
1970-01-01T09:02:50.410+08:00,30.5
1970-01-01T09:02:50.420+08:00,30.5
1970-01-01T09:02:50.430+08:00,30.5
1970-01-01T09:02:50.440+08:00,30.5
1970-01-01T09:02:50.450+08:00,30.5
1970-01-01T09:02:50.460+08:00,30.5
1970-01-01T09:02:50.470+08:00,30.5
1970-01-01T09:02:50.480+08:00,30.5
1970-01-01T09:02:50.490+08:00,30.5
1970-01-01T09:02:50.500+08:00,30.5
1970-01-01T09:02:50.510+08:00,30.5
1970-01-01T09:02:50.520+08:00,30.5
1970-01-01T09:02:50.530+08:00,30.5
1970-01-01T09:02:50.540+08:00,30.5
1970-01-01T09:02:50.550+08:00,30.5
1970-01-01T09:02:50.560+08:00,30.5
1970-01-01T09:02:50.570+08:00,30.5
1970-01-01T09:02:50.580+08:00,30.5
1970-01-01T09:02:50.590+08:00,30.5
1970-01-01T09:02:50.600+08:00,30.5
1970-01-01T09:02:50.610+08:00,30.5
1970-01-01T09:02:50.620+08:00,30.5
1970-01-01T09:02:50.630+08:00,30.5
1970-01-01T09:02:50.640+08:00,30.5
1970-01-01T09:02:50.650+08:00,30.5
1970-01-01T09:02:50.660+08:00,30.5
1970-01-01T09:02:50.670+08:00,30.5
1970-01-01T09:02:50.680+08:00,30.5
1970-01-01T09:02:50.690+08:00,30.5
1970-01-01T09:02:50.700+08:00,30.5
1970-01-01T09:02:50.710+08:00,30.5
1970-01-01T09:02:50.720+08:00,30.5
1970-01-01T09:02:50.730+08:00,30.5
1970-01-01T09:02:50.740+08:00,30.5
1970-01-01T09:02:50.750+08:00,30.5
1970-01-01T09:02:50.760+08:00,30.5
1970-01-01T09:02:50.770+08:00,30.5
1970-01-01T09:02:50.780+08:00,30.5
1970-01-01T09:02:50.790+08:00,30.5
1970-01-01T09:02:50.800+08:00,30.5
1970-01-01T09:02:50.810+08:00,30.5
1970-01-01T09:02:50.820+08:00,30.5
1970-01-01T09:02:50.830+08:00,30.5
1970-01-01T09:02:50.840+08:00,30.5
1970-01-01T09:02:50.850+08:00,30.5
1970-01-01T09:02:50.860+08:00,30.5
1970-01-01T09:02:50.870+08:00,30.5
1970-01-01T09:02:50.880+08:00,30.5
1970-01-01T09:02:50.890+08:00,30.5
1970-01-01T09:02:50.900+08:00,30.5
1970-01-01T09:02:50.910+08:00,30.5
1970-01-01T09:02:50.920+08:00,30.5
1970-01-01T09:02:50.930+08:00,30.5
1970-01-01T09:02:50.940+08:00,30.5
1970-01-01T09:02:50.950+08:00,30.5
1970-01-01T09:02:50.960+08:00,30.5
1970-01-01T09:02:50.970+08:00,30.5
1970-01-01T09:02:50.980+08:00,30.5
1970-01-01T09:02:50.990+08:00,30.5
1970-01-01T09:02:51.000+08:00,30.5
1970-01-01T09:02:51.010+08:00,30.5
1970-01-01T09:02:51.020+08:00,30.5
1970-01-01T09:02:51.030+08:00,30.5
1970-01-01T09:02:51.040+08:00,30.5
1970-01-01T09:02:51.050+08:00,30.5
1970-01-01T09:02:51.060+08:00,30.5
1970-01-01T09:02:51.070+08:00,30.5
1970-01-01T09:02:51.080+08:00,30.5
1970-01-01T09:02:51.090+08:00,30.5
1970-01-01T09:02:51.100+08:00,30.5
1970-01-01T09:02:51.110+08:00,30.5
1970-01-01T09:02:51.120+08:00,30.5
1970-01-01T09:02:51.130+08:00,30.5
1970-01-01T09:02:51.140+08:00,30.5
1970-01-01T09:02:51.150+08:00,30.5
1970-01-01T09:02:51.160+08:00,30.5
1970-01-01T09:02:51.170+08:00,30.5
1970-01-01T09:02:51.180+08:00,30.5
1970-01-01T09:02:51.190+08:00,30.5
1970-01-01T09:02:51.200+08:00,30.5
1970-01-01T09:02:51.210+08:00,30.5
1970-01-01T09:02:51.220+08:00,30.5
1970-01-01T09:02:51.230+08:00,30.5
1970-01-01T09:02:51.240+08:00,30.5
1970-01-01T09:02:51.250+08:00,30.5
1970-01-01T09:02:51.260+08:00,30.5
1970-01-01T09:02:51.270+08:00,30.5
1970-01-01T09:02:51.280+08:00,30.5
1970-01-01T09:02:51.290+08:00,30.5
1970-01-01T09:02:51.300+08:00,30.5
1970-01-01T09:02:51.310+08:00,30.5
1970-01-01T09:02:51.320+08:00,30.5
1970-01-01T09:02:51.330+08:00,30.5
1970-01-01T09:02:51.340+08:00,30.5
1970-01-01T09:02:51.350+08:00,30.5
1970-01-01T09:02:51.360+08:00,30.5
1970-01-01T09:02:51.370+08:00,30.5
1970-01-01T09:02:51.380+08:00,30.5
1970-01-01T09:02:51.390+08:00,30.5
1970-01-01T09:02:51.400+08:00,30.5
1970-01-01T09:02:51.410+08:00,30.5
1970-01-01T09:02:51.420+08:00,30.5
1970-01-01T09:02:51.430+08:00,30.5
1970-01-01T09:02:51.440+08:00,30.5
1970-01-01T09:02:51.450+08:00,30.5
1970-01-01T09:02:51.460+08:00,30.5
1970-01-01T09:02:51.470+08:00,30.5
1970-01-01T09:02:51.480+08:00,30.5
1970-01-01T09:02:51.490+08:00,30.5
1970-01-01T09:02:51.500+08:00,30.5
1970-01-01T09:02:51.510+08:00,30.5
1970-01-01T09:02:51.520+08:00,30.5
1970-01-01T09:02:51.530+08:00,30.5
1970-01-01T09:02:51.540+08:00,30.5
1970-01-01T09:02:51.550+08:00,30.5
1970-01-01T09:02:51.560+08:00,30.5
1970-01-01T09:02:51.570+08:00,30.5
1970-01-01T09:02:51.580+08:00,30.5
1970-01-01T09:02:51.590+08:00,30.5
1970-01-01T09:02:51.600+08:00,30.5
1970-01-01T09:02:51.610+08:00,30.5
1970-01-01T09:02:51.620+08:00,30.5
1970-01-01T09:02:51.630+08:00,30.5
1970-01-01T09:02:51.640+08:00,30.5
1970-01-01T09:02:51.650+08:00,30.5
1970-01-01T09:02:51.660+08:00,30.5
1970-01-01T09:02:51.670+08:00,30.5
1970-01-01T09:02:51.680+08:00,30.5
1970-01-01T09:02:51.690+08:00,30.5
1970-01-01T09:02:51.700+08:00,30.5
1970-01-01T09:02:51.710+08:00,30.5
1970-01-01T09:02:51.720+08:00,30.5
1970-01-01T09:02:51.730+08:00,30.5
1970-01-01T09:02:51.740+08:00,30.5
1970-01-01T09:02:51.750+08:00,30.5
1970-01-01T09:02:51.760+08:00,30.5
1970-01-01T09:02:51.770+08:00,30.5
1970-01-01T09:02:51.780+08:00,30.5
1970-01-01T09:02:51.790+08:00,30.5
1970-01-01T09:02:51.800+08:00,30.5
1970-01-01T09:02:51.810+08:00,30.5
1970-01-01T09:02:51.820+08:00,30.5
1970-01-01T09:02:51.830+08:00,30.5
1970-01-01T09:02:51.840+08:00,30.5
1970-01-01T09:02:51.850+08:00,30.5
1970-01-01T09:02:51.860+08:00,30.5
1970-01-01T09:02:51.870+08:00,30.5
1970-01-01T09:02:51.880+08:00,30.5
1970-01-01T09:02:51.890+08:00,30.5
1970-01-01T09:02:51.900+08:00,30.5
1970-01-01T09:02:51.910+08:00,30.5
1970-01-01T09:02:51.920+08:00,30.5
1970-01-01T09:02:51.930+08:00,30.5
1970-01-01T09:02:51.940+08:00,30.5
1970-01-01T09:02:51.950+08:00,30.5
1970-01-01T09:02:51.960+08:00,30.5
1970-01-01T09:02:51.970+08:00,30.5
1970-01-01T09:02:51.980+08:00,30.5
1970-01-01T09:02:51.990+08:00,30.5
1970-01-01T09:02:52.000+08:00,30.5
1970-01-01T09:02:52.010+08:00,30.5
1970-01-01T09:02:52.020+08:00,30.5
1970-01-01T09:02:52.030+08:00,30.5
1970-01-01T09:02:52.040+08:00,30.5
1970-01-01T09:02:52.050+08:00,30.5
1970-01-01T09:02:52.060+08:00,30.5
1970-01-01T09:02:52.070+08:00,30.5
1970-01-01T09:02:52.080+08:00,30.5
1970-01-01T09:02:52.090+08:00,30.5
1970-01-01T09:02:52.100+08:00,30.5
1970-01-01T09:02:52.110+08:00,30.5
1970-01-01T09:02:52.120+08:00,30.5
1970-01-01T09:02:52.130+08:00,30.5
1970-01-01T09:02:52.140+08:00,30.5
1970-01-01T09:02:52.150+08:00,30.5
1970-01-01T09:02:52.160+08:00,30.5
1970-01-01T09:02:52.170+08:00,30.5
1970-01-01T09:02:52.180+08:00,30.5
1970-01-01T09:02:52.190+08:00,30.5
1970-01-01T09:02:52.200+08:00,30.5
1970-01-01T09:02:52.210+08:00,30.5
1970-01-01T09:02:52.220+08:00,30.5
1970-01-01T09:02:52.230+08:00,30.5
1970-01-01T09:02:52.240+08:00,30.5
1970-01-01T09:02:52.250+08:00,30.5
1970-01-01T09:02:52.260+08:00,30.5
1970-01-01T09:02:52.270+08:00,30.5
1970-01-01T09:02:52.280+08:00,30.5
1970-01-01T09:02:52.290+08:00,30.5
1970-01-01T09:02:52.300+08:00,30.5
1970-01-01T09:02:52.310+08:00,30.5
1970-01-01T09:02:52.320+08:00,30.5
1970-01-01T09:02:52.330+08:00,30.5
1970-01-01T09:02:52.340+08:00,30.5
1970-01-01T09:02:52.350+08:00,30.5
1970-01-01T09:02:52.360+08:00,30.5
1970-01-01T09:02:52.370+08:00,30.5
1970-01-01T09:02:52.380+08:00,30.5
1970-01-01T09:02:52.390+08:00,30.5
1970-01-01T09:02:52.400+08:00,30.5
1970-01-01T09:02:52.410+08:00,30.5
1970-01-01T09:02:52.420+08:00,30.5
1970-01-01T09:02:52.430+08:00,30.5
1970-01-01T09:02:52.440+08:00,30.5
1970-01-01T09:02:52.450+08:00,30.5
1970-01-01T09:02:52.460+08:00,30.5
1970-01-01T09:02:52.470+08:00,30.5
1970-01-01T09:02:52.480+08:00,30.5
1970-01-01T09:02:52.490+08:00,30.5
1970-01-01T09:02:52.500+08:00,30.5
1970-01-01T09:02:52.510+08:00,30.5
1970-01-01T09:02:52.520+08:00,30.5
1970-01-01T09:02:52.530+08:00,30.5
1970-01-01T09:02:52.540+08:00,30.5
